,循环号,放电容量/Ah,矢量
0,0,0.9544163589889259,"[0.08333333333333333, 0, 0, 0, 0, 0.9544163589889259]"
1,1,0.9544163589889259,"[0, 1.0805555555555555, 1.0, 1.0013888888888889, 1.0, 0.9544163589889259]"
2,2,0.9704629366657223,"[0, 1.0697222222222222, 1.0, 1.0022222222222221, 1.0, 0.9704629366657223]"
3,3,0.994603805737011,"[0, 1.058888888888889, 1.0, 1.0038888888888888, 1.0, 0.994603805737011]"
4,4,1.0,"[0, 1.0555555555555556, 1.0, 1.0044444444444445, 1.0, 1.0]"
5,5,0.9226072138597026,"[0, 1.0797222222222222, 1.0, 0.998611111111111, 1.0, 0.9226072138597026]"
6,6,0.9501562056234043,"[0, 1.07, 1.0, 1.001111111111111, 1.0, 0.9501562056234043]"
7,7,0.9504402158477703,"[0, 1.0680555555555555, 1.0, 1.001111111111111, 1.0, 0.9504402158477703]"
8,8,0.964924737290545,"[0, 1.0680555555555555, 1.0, 1.0019444444444445, 1.0, 0.964924737290545]"
9,9,0.9872195399034389,"[0, 1.057777777777778, 1.0, 1.003611111111111, 1.0, 0.9872195399034389]"
10,10,0.9921897188298807,"[0, 1.0547222222222223, 1.0, 1.0038888888888888, 1.0, 0.9921897188298807]"
11,11,0.9130928713433732,"[0, 1.0666666666666667, 1.0, 0.9980555555555555, 1.0, 0.9130928713433732]"
12,12,0.9227492189718838,"[0, 1.0788888888888888, 1.0, 0.9988888888888888, 1.0, 0.9227492189718838]"
13,13,0.9204771371769382,"[0, 1.0766666666666667, 1.0, 0.998611111111111, 1.0, 0.9204771371769382]"
14,14,0.9566884407838714,"[0, 1.0730555555555557, 1.0, 1.0016666666666667, 1.0, 0.9566884407838714]"
15,15,0.9768531667140046,"[0, 1.0575, 1.0, 1.0030555555555556, 1.0, 0.9768531667140046]"
16,16,0.9809713149673414,"[0, 1.0555555555555556, 1.0, 1.0033333333333334, 1.0, 0.9809713149673414]"
17,17,0.9128088611190037,"[0, 1.0602777777777779, 1.0, 0.9980555555555555, 1.0, 0.9128088611190037]"
18,18,0.9065606361829026,"[0, 1.0825, 1.0, 0.9977777777777778, 1.0, 0.9065606361829026]"
19,19,0.9118148253337139,"[0, 1.0772222222222223, 1.0, 0.9980555555555555, 1.0, 0.9118148253337139]"
20,20,0.9102527690996887,"[0, 1.0769444444444445, 1.0, 0.9980555555555555, 1.0, 0.9102527690996887]"
21,21,0.9037205339392251,"[0, 1.0777777777777777, 1.0, 0.9974999999999999, 1.0, 0.9037205339392251]"
22,22,0.923459244532804,"[0, 1.0777777777777777, 1.0, 0.9994444444444444, 1.0, 0.923459244532804]"
23,23,0.9297074694689016,"[0, 1.0669444444444445, 1.0, 0.9997222222222222, 1.0, 0.9297074694689016]"
24,24,0.9280034081226916,"[0, 1.0666666666666667, 1.0, 0.9997222222222222, 1.0, 0.9280034081226916]"
25,25,0.9305595001420066,"[0, 1.0688888888888888, 1.0, 1.0, 1.0, 0.9305595001420066]"
26,26,0.9568304458960526,"[0, 1.06, 1.0, 1.0016666666666667, 1.0, 0.9568304458960526]"
27,27,0.9620846350468639,"[0, 1.0566666666666666, 1.0, 1.0022222222222221, 1.0, 0.9620846350468639]"
28,28,0.9150809429139457,"[0, 1.0555555555555556, 1.0, 0.9983333333333333, 1.0, 0.9150809429139457]"
29,29,0.9074126668560112,"[0, 1.0802777777777777, 1.0, 0.998611111111111, 1.0, 0.9074126668560112]"
30,30,0.9231752343084381,"[0, 1.0686111111111112, 1.0, 0.9994444444444444, 1.0, 0.9231752343084381]"
31,31,0.9298494745810864,"[0, 1.0677777777777777, 1.0, 1.0, 1.0, 0.9298494745810864]"
32,32,0.9564044305595019,"[0, 1.057777777777778, 1.0, 1.0016666666666667, 1.0, 0.9564044305595019]"
33,33,0.9612326043737589,"[0, 1.0541666666666667, 1.0, 1.0022222222222221, 1.0, 0.9612326043737589]"
34,34,0.9389378017608685,"[0, 1.0525, 1.0, 1.0008333333333332, 1.0, 0.9389378017608685]"
35,35,0.8936381709741568,"[0, 1.0783333333333334, 1.0, 0.9972222222222221, 1.0, 0.8936381709741568]"
36,36,0.9071286566316417,"[0, 1.0711111111111111, 1.0, 0.998611111111111, 1.0, 0.9071286566316417]"
37,37,0.9119568304458987,"[0, 1.0669444444444445, 1.0, 0.9988888888888888, 1.0, 0.9119568304458987]"
38,38,0.9194831013916556,"[0, 1.0675, 1.0, 0.9991666666666666, 1.0, 0.9194831013916556]"
39,39,0.9487361545015638,"[0, 1.0575, 1.0, 1.0013888888888889, 1.0, 0.9487361545015638]"
40,40,0.9057086055098011,"[0, 1.053611111111111, 1.0, 0.9977777777777778, 1.0, 0.9057086055098011]"
41,41,0.9038625390514099,"[0, 1.0747222222222221, 1.0, 0.9983333333333333, 1.0, 0.9038625390514099]"
42,42,0.9079806873047467,"[0, 1.0675, 1.0, 0.998611111111111, 1.0, 0.9079806873047467]"
43,43,0.9084067026412974,"[0, 1.0669444444444445, 1.0, 0.998611111111111, 1.0, 0.9084067026412974]"
44,44,0.9065606361829026,"[0, 1.0669444444444445, 1.0, 0.998611111111111, 1.0, 0.9065606361829026]"
45,45,0.9062766259585366,"[0, 1.0663888888888888, 1.0, 0.9983333333333333, 1.0, 0.9062766259585366]"
46,46,0.9041465492757759,"[0, 1.0666666666666667, 1.0, 0.9983333333333333, 1.0, 0.9041465492757759]"
47,47,0.9044305595001454,"[0, 1.0669444444444445, 1.0, 0.9983333333333333, 1.0, 0.9044305595001454]"
48,48,0.8899460380573707,"[0, 1.0661111111111112, 1.0, 0.9974999999999999, 1.0, 0.8899460380573707]"
49,49,0.9167850042601557,"[0, 1.0708333333333333, 1.0, 0.9994444444444444, 1.0, 0.9167850042601557]"
50,50,0.9460380573700675,"[0, 1.0525, 1.0, 1.0013888888888889, 1.0, 0.9460380573700675]"
51,51,0.9537063334280056,"[0, 1.0491666666666668, 1.0, 1.0019444444444445, 1.0, 0.9537063334280056]"
52,52,0.8761715421755198,"[0, 1.0680555555555555, 1.0, 0.9961111111111111, 1.0, 0.8761715421755198]"
53,53,0.8703493325759766,"[0, 1.0788888888888888, 1.0, 0.9963888888888889, 1.0, 0.8703493325759766]"
54,54,0.8805737006532262,"[0, 1.0705555555555555, 1.0, 0.9969444444444444, 1.0, 0.8805737006532262]"
55,55,0.8807157057654074,"[0, 1.0716666666666665, 1.0, 0.9969444444444444, 1.0, 0.8807157057654074]"
56,56,0.9339676228344231,"[0, 1.0558333333333334, 1.0, 1.0008333333333332, 1.0, 0.9339676228344231]"
57,57,0.9444760011360422,"[0, 1.0491666666666668, 1.0, 1.0013888888888889, 1.0, 0.9444760011360422]"
58,58,0.9147969326895797,"[0, 1.0472222222222223, 1.0, 0.998611111111111, 1.0, 0.9147969326895797]"
59,59,0.8588469184890677,"[0, 1.0755555555555556, 1.0, 0.995, 1.0, 0.8588469184890677]"
60,60,0.8720533939221831,"[0, 1.0747222222222221, 1.0, 0.9963888888888889, 1.0, 0.8720533939221831]"
61,61,0.9088327179778481,"[0, 1.0702777777777777, 1.0, 0.9988888888888888, 1.0, 0.9088327179778481]"
62,62,0.9372337404146585,"[0, 1.0497222222222222, 1.0, 1.0008333333333332, 1.0, 0.9372337404146585]"
63,63,0.9441919909116763,"[0, 1.046388888888889, 1.0, 1.0013888888888889, 1.0, 0.9441919909116763]"
64,64,0.918631070718547,"[0, 1.0450000000000002, 1.0, 0.9997222222222222, 1.0, 0.918631070718547]"
65,65,0.8524566884407854,"[0, 1.0755555555555556, 1.0, 0.9944444444444444, 1.0, 0.8524566884407854]"
66,66,0.8578528827037779,"[0, 1.0783333333333334, 1.0, 0.9955555555555555, 1.0, 0.8578528827037779]"
67,67,0.8694973019028716,"[0, 1.0683333333333334, 1.0, 0.9963888888888889, 1.0, 0.8694973019028716]"
68,68,0.8649531383129805,"[0, 1.0691666666666666, 1.0, 0.9961111111111111, 1.0, 0.8649531383129805]"
69,69,0.8614030105083827,"[0, 1.0697222222222222, 1.0, 0.9958333333333332, 1.0, 0.8614030105083827]"
70,70,0.8646691280886145,"[0, 1.07, 1.0, 0.9961111111111111, 1.0, 0.8646691280886145]"
71,71,0.867225220107926,"[0, 1.0677777777777777, 1.0, 0.9961111111111111, 1.0, 0.867225220107926]"
72,72,0.862397046293669,"[0, 1.0691666666666666, 1.0, 0.9958333333333332, 1.0, 0.862397046293669]"
73,73,0.9007384265833593,"[0, 1.0669444444444445, 1.0, 0.998611111111111, 1.0, 0.9007384265833593]"
74,74,0.9231752343084381,"[0, 1.0491666666666668, 1.0, 1.0, 1.0, 0.9231752343084381]"
75,75,0.8801476853166754,"[0, 1.0461111111111112, 1.0, 0.9961111111111111, 1.0, 0.8801476853166754]"
76,76,0.8435103663731915,"[0, 1.0766666666666667, 1.0, 0.9947222222222222, 1.0, 0.8435103663731915]"
77,77,0.8528827037773361,"[0, 1.07, 1.0, 0.9952777777777777, 1.0, 0.8528827037773361]"
78,78,0.8528827037773361,"[0, 1.0702777777777777, 1.0, 0.9952777777777777, 1.0, 0.8528827037773361]"
79,79,0.8838398182334579,"[0, 1.0694444444444444, 1.0, 0.9974999999999999, 1.0, 0.8838398182334579]"
80,80,0.9138028969042935,"[0, 1.05, 1.0, 0.9994444444444444, 1.0, 0.9138028969042935]"
81,81,0.9163589889236015,"[0, 1.0469444444444445, 1.0, 0.9997222222222222, 1.0, 0.9163589889236015]"
82,82,0.8338540187446775,"[0, 1.0744444444444445, 1.0, 0.9941666666666666, 1.0, 0.8338540187446775]"
83,83,0.837262141437094,"[0, 1.0725, 1.0, 0.9944444444444444, 1.0, 0.837262141437094]"
84,84,0.8339960238568622,"[0, 1.0741666666666667, 1.0, 0.9941666666666666, 1.0, 0.8339960238568622]"
85,85,0.8614030105083827,"[0, 1.071388888888889, 1.0, 0.9958333333333332, 1.0, 0.8614030105083827]"
86,86,0.8988923601249681,"[0, 1.0533333333333335, 1.0, 0.998611111111111, 1.0, 0.8988923601249681]"
87,87,0.8659471740982703,"[0, 1.0480555555555557, 1.0, 0.9952777777777777, 1.0, 0.8659471740982703]"
88,88,0.8325759727350217,"[0, 1.0755555555555556, 1.0, 0.9938888888888888, 1.0, 0.8325759727350217]"
89,89,0.8466344788412385,"[0, 1.0691666666666666, 1.0, 0.995, 1.0, 0.8466344788412385]"
90,90,0.8327179778472029,"[0, 1.0697222222222222, 1.0, 0.9936111111111111, 1.0, 0.8327179778472029]"
91,91,0.83925021300767,"[0, 1.0702777777777777, 1.0, 0.9944444444444444, 1.0, 0.83925021300767]"
92,92,0.8354160749787027,"[0, 1.0702777777777777, 1.0, 0.9944444444444444, 1.0, 0.8354160749787027]"
93,93,0.8378301618858295,"[0, 1.0686111111111112, 1.0, 0.9944444444444444, 1.0, 0.8378301618858295]"
94,94,0.8395342232320395,"[0, 1.0694444444444444, 1.0, 0.9947222222222222, 1.0, 0.8395342232320395]"
95,95,0.8362681056518078,"[0, 1.0680555555555555, 1.0, 0.9944444444444444, 1.0, 0.8362681056518078]"
96,96,0.8334280034081232,"[0, 1.0691666666666666, 1.0, 0.9941666666666666, 1.0, 0.8334280034081232]"
97,97,0.8477705197387131,"[0, 1.0677777777777777, 1.0, 0.995, 1.0, 0.8477705197387131]"
98,98,0.8859698949162187,"[0, 1.0533333333333335, 1.0, 0.9977777777777778, 1.0, 0.8859698949162187]"
99,99,0.8957682476569175,"[0, 1.0480555555555557, 1.0, 0.998611111111111, 1.0, 0.8957682476569175]"
100,100,0.9003124112468086,"[0, 1.0461111111111112, 1.0, 0.9988888888888888, 1.0, 0.9003124112468086]"
101,101,0.9027264981539354,"[0, 1.0450000000000002, 1.0, 0.9988888888888888, 1.0, 0.9027264981539354]"
102,102,0.9045725646123302,"[0, 1.0441666666666667, 1.0, 0.9991666666666666, 1.0, 0.9045725646123302]"
103,103,0.9058506106219859,"[0, 1.0430555555555556, 1.0, 0.9991666666666666, 1.0, 0.9058506106219859]"
104,104,0.8973303038909428,"[0, 1.0425000000000002, 1.0, 0.9991666666666666, 1.0, 0.8973303038909428]"
105,105,0.894632206759443,"[0, 1.0419444444444446, 1.0, 0.9991666666666666, 1.0, 0.894632206759443]"
106,106,0.8524566884407854,"[0, 1.0411111111111113, 1.0, 0.9952777777777777, 1.0, 0.8524566884407854]"
107,107,0.8054529963078707,"[0, 1.0755555555555556, 1.0, 0.9919444444444444, 1.0, 0.8054529963078707]"
108,108,0.807299062766262,"[0, 1.076111111111111, 1.0, 0.9922222222222221, 1.0, 0.807299062766262]"
109,109,0.8811417211019617,"[0, 1.0525, 1.0, 0.9974999999999999, 1.0, 0.8811417211019617]"
110,110,0.887247940925878,"[0, 1.0455555555555556, 1.0, 0.9980555555555555, 1.0, 0.887247940925878]"
111,111,0.8357000852030687,"[0, 1.0444444444444445, 1.0, 0.9936111111111111, 1.0, 0.8357000852030687]"
112,112,0.7992047713717731,"[0, 1.0747222222222221, 1.0, 0.9913888888888889, 1.0, 0.7992047713717731]"
113,113,0.8055950014200519,"[0, 1.0752777777777778, 1.0, 0.9924999999999999, 1.0, 0.8055950014200519]"
114,114,0.8097131496733887,"[0, 1.0694444444444444, 1.0, 0.9927777777777778, 1.0, 0.8097131496733887]"
115,115,0.8074410678784467,"[0, 1.0686111111111112, 1.0, 0.9924999999999999, 1.0, 0.8074410678784467]"
116,116,0.8048849758591352,"[0, 1.07, 1.0, 0.9924999999999999, 1.0, 0.8048849758591352]"
117,117,0.8227776199943229,"[0, 1.0680555555555555, 1.0, 0.9936111111111111, 1.0, 0.8227776199943229]"
118,118,0.810139165009943,"[0, 1.065, 1.0, 0.9927777777777778, 1.0, 0.810139165009943]"
119,119,0.8091451292246568,"[0, 1.0661111111111112, 1.0, 0.9927777777777778, 1.0, 0.8091451292246568]"
120,120,0.8456404430559523,"[0, 1.0644444444444445, 1.0, 0.9952777777777777, 1.0, 0.8456404430559523]"
121,121,0.8670832149957448,"[0, 1.0472222222222223, 1.0, 0.9969444444444444, 1.0, 0.8670832149957448]"
122,122,0.8738994603805743,"[0, 1.0450000000000002, 1.0, 0.9972222222222221, 1.0, 0.8738994603805743]"
123,123,0.787844362397049,"[0, 1.0686111111111112, 1.0, 0.9908333333333332, 1.0, 0.787844362397049]"
124,124,0.7948026128940668,"[0, 1.0741666666666667, 1.0, 0.9919444444444444, 1.0, 0.7948026128940668]"
125,125,0.7990627662595884,"[0, 1.0686111111111112, 1.0, 0.9922222222222221, 1.0, 0.7990627662595884]"
126,126,0.8473445044021588,"[0, 1.057777777777778, 1.0, 0.9955555555555555, 1.0, 0.8473445044021588]"
127,127,0.8605509798352777,"[0, 1.0475, 1.0, 0.9963888888888889, 1.0, 0.8605509798352777]"
128,128,0.866089179210455,"[0, 1.0450000000000002, 1.0, 0.9966666666666666, 1.0, 0.866089179210455]"
129,129,0.8222095995455874,"[0, 1.0605555555555557, 1.0, 0.9936111111111111, 1.0, 0.8222095995455874]"
130,130,0.8598409542743575,"[0, 1.0483333333333333, 1.0, 0.9963888888888889, 1.0, 0.8598409542743575]"
131,131,0.8658051689860891,"[0, 1.043888888888889, 1.0, 0.9966666666666666, 1.0, 0.8658051689860891]"
132,132,0.8686452712297665,"[0, 1.0427777777777778, 1.0, 0.9969444444444444, 1.0, 0.8686452712297665]"
133,133,0.8692132916785056,"[0, 1.0416666666666667, 1.0, 0.9969444444444444, 1.0, 0.8692132916785056]"
134,134,0.8667992047713717,"[0, 1.0411111111111113, 1.0, 0.9972222222222221, 1.0, 0.8667992047713717]"
135,135,0.863249076966774,"[0, 1.0402777777777779, 1.0, 0.9966666666666666, 1.0, 0.863249076966774]"
136,136,0.7764839534223249,"[0, 1.0683333333333334, 1.0, 0.9902777777777777, 1.0, 0.7764839534223249]"
137,137,0.7682476569156513,"[0, 1.0741666666666667, 1.0, 0.9897222222222222, 1.0, 0.7682476569156513]"
138,138,0.7611474013064488,"[0, 1.075, 1.0, 0.9891666666666666, 1.0, 0.7611474013064488]"
139,139,0.7750639023004844,"[0, 1.0727777777777778, 1.0, 0.9908333333333332, 1.0, 0.7750639023004844]"
140,140,0.7764839534223249,"[0, 1.0683333333333334, 1.0, 0.9908333333333332, 1.0, 0.7764839534223249]"
141,141,0.7730758307299084,"[0, 1.0691666666666666, 1.0, 0.9905555555555555, 1.0, 0.7730758307299084]"
142,142,0.7716557796080679,"[0, 1.0688888888888888, 1.0, 0.9905555555555555, 1.0, 0.7716557796080679]"
143,143,0.7710877591593324,"[0, 1.0691666666666666, 1.0, 0.9905555555555555, 1.0, 0.7710877591593324]"
144,144,0.8165293950582253,"[0, 1.0572222222222223, 1.0, 0.9936111111111111, 1.0, 0.8165293950582253]"
145,145,0.8239136608917939,"[0, 1.0519444444444446, 1.0, 0.9938888888888888, 1.0, 0.8239136608917939]"
146,146,0.8244816813405293,"[0, 1.051111111111111, 1.0, 0.9941666666666666, 1.0, 0.8244816813405293]"
147,147,0.8239136608917939,"[0, 1.0508333333333333, 1.0, 0.9941666666666666, 1.0, 0.8239136608917939]"
148,148,0.8217835842090331,"[0, 1.0497222222222222, 1.0, 0.9941666666666666, 1.0, 0.8217835842090331]"
149,149,0.8190854870775368,"[0, 1.0491666666666668, 1.0, 0.9938888888888888, 1.0, 0.8190854870775368]"
150,150,0.8239136608917939,"[0, 1.048888888888889, 1.0, 0.9941666666666666, 1.0, 0.8239136608917939]"
151,151,0.8185174666288013,"[0, 1.0486111111111112, 1.0, 0.9938888888888888, 1.0, 0.8185174666288013]"
152,152,0.8220675944334026,"[0, 1.0486111111111112, 1.0, 0.9941666666666666, 1.0, 0.8220675944334026]"
153,153,0.7560352172678222,"[0, 1.0683333333333334, 1.0, 0.9888888888888888, 1.0, 0.7560352172678222]"
154,154,0.7438227776199966,"[0, 1.0755555555555556, 1.0, 0.9883333333333333, 1.0, 0.7438227776199966]"
155,155,0.758733314399322,"[0, 1.0688888888888888, 1.0, 0.9897222222222222, 1.0, 0.758733314399322]"
156,156,0.7811701221244007,"[0, 1.0677777777777777, 1.0, 0.9913888888888889, 1.0, 0.7811701221244007]"
157,157,0.806163021868791,"[0, 1.0527777777777778, 1.0, 0.9930555555555555, 1.0, 0.806163021868791]"
158,158,0.8094291394490227,"[0, 1.051111111111111, 1.0, 0.9930555555555555, 1.0, 0.8094291394490227]"
159,159,0.6819085487077565,"[0, 1.085, 1.0, 0.985, 1.0, 0.6819085487077565]"
160,160,0.729622266401595,"[0, 1.0547222222222223, 1.0, 0.9880555555555555, 1.0, 0.729622266401595]"
161,161,0.7425447316103408,"[0, 1.0561111111111112, 1.0, 0.9886111111111111, 1.0, 0.7425447316103408]"
162,162,0.7480829309855181,"[0, 1.0569444444444445, 1.0, 0.9888888888888888, 1.0, 0.7480829309855181]"
163,163,0.7517750639023042,"[0, 1.0575, 1.0, 0.9891666666666666, 1.0, 0.7517750639023042]"
164,164,0.7537631354728802,"[0, 1.057777777777778, 1.0, 0.9894444444444443, 1.0, 0.7537631354728802]"
165,165,0.755041181482536,"[0, 1.0580555555555555, 1.0, 0.9894444444444443, 1.0, 0.755041181482536]"
166,166,0.7537631354728802,"[0, 1.057777777777778, 1.0, 0.9894444444444443, 1.0, 0.7537631354728802]"
167,167,0.756745242828746,"[0, 1.0583333333333333, 1.0, 0.9894444444444443, 1.0, 0.756745242828746]"
168,168,0.7537631354728802,"[0, 1.0591666666666668, 1.0, 0.9894444444444443, 1.0, 0.7537631354728802]"
169,169,0.7541891508094309,"[0, 1.0586111111111112, 1.0, 0.9894444444444443, 1.0, 0.7541891508094309]"
170,170,0.7502130076682789,"[0, 1.058888888888889, 1.0, 0.9883333333333333, 1.0, 0.7502130076682789]"
171,171,0.75305310991196,"[0, 1.0605555555555557, 1.0, 0.9894444444444443, 1.0, 0.75305310991196]"
172,172,0.7520590741266702,"[0, 1.058888888888889, 1.0, 0.9891666666666666, 1.0, 0.7520590741266702]"
173,173,0.7546151661459852,"[0, 1.0583333333333333, 1.0, 0.9894444444444443, 1.0, 0.7546151661459852]"
174,174,0.7489349616586232,"[0, 1.0586111111111112, 1.0, 0.9891666666666666, 1.0, 0.7489349616586232]"
175,175,0.7418347060494206,"[0, 1.061388888888889, 1.0, 0.9886111111111111, 1.0, 0.7418347060494206]"
176,176,0.7361545015620585,"[0, 1.0688888888888888, 1.0, 0.9883333333333333, 1.0, 0.7361545015620585]"
177,177,0.7459528543027574,"[0, 1.0608333333333333, 1.0, 0.9888888888888888, 1.0, 0.7459528543027574]"
178,178,0.7485089463220689,"[0, 1.0597222222222222, 1.0, 0.9891666666666666, 1.0, 0.7485089463220689]"
179,179,0.7480829309855181,"[0, 1.0594444444444444, 1.0, 0.9888888888888888, 1.0, 0.7480829309855181]"
180,180,0.7477989207611486,"[0, 1.0594444444444444, 1.0, 0.9888888888888888, 1.0, 0.7477989207611486]"
181,181,0.7468048849758624,"[0, 1.0594444444444444, 1.0, 0.9888888888888888, 1.0, 0.7468048849758624]"
182,182,0.7455268389662066,"[0, 1.0597222222222222, 1.0, 0.9888888888888888, 1.0, 0.7455268389662066]"
183,183,0.7468048849758624,"[0, 1.0594444444444444, 1.0, 0.9888888888888888, 1.0, 0.7468048849758624]"
184,184,0.7479409258733334,"[0, 1.058888888888889, 1.0, 0.9888888888888888, 1.0, 0.7479409258733334]"
185,185,0.7482249360977029,"[0, 1.0586111111111112, 1.0, 0.9891666666666666, 1.0, 0.7482249360977029]"
186,186,0.7479409258733334,"[0, 1.0583333333333333, 1.0, 0.9888888888888888, 1.0, 0.7479409258733334]"
187,187,0.739562624254475,"[0, 1.0591666666666668, 1.0, 0.9886111111111111, 1.0, 0.739562624254475]"
188,188,0.7280602101675697,"[0, 1.0677777777777777, 1.0, 0.9877777777777778, 1.0, 0.7280602101675697]"
189,189,0.7301902868503269,"[0, 1.0594444444444444, 1.0, 0.9883333333333333, 1.0, 0.7301902868503269]"
190,190,0.7245100823629684,"[0, 1.0630555555555556, 1.0, 0.9877777777777778, 1.0, 0.7245100823629684]"
191,191,0.7211019596705519,"[0, 1.0627777777777778, 1.0, 0.9877777777777778, 1.0, 0.7211019596705519]"
192,192,0.7216699801192874,"[0, 1.0641666666666667, 1.0, 0.9877777777777778, 1.0, 0.7216699801192874]"
193,193,0.7184038625390556,"[0, 1.0630555555555556, 1.0, 0.9874999999999999, 1.0, 0.7184038625390556]"
194,194,0.7451008236296524,"[0, 1.0569444444444445, 1.0, 0.9891666666666666, 1.0, 0.7451008236296524]"
195,195,0.7443907980687321,"[0, 1.055, 1.0, 0.9894444444444443, 1.0, 0.7443907980687321]"
196,196,0.70278330019881,"[0, 1.0686111111111112, 1.0, 0.9866666666666666, 1.0, 0.70278330019881]"
197,197,0.7151377449588203,"[0, 1.063611111111111, 1.0, 0.9872222222222222, 1.0, 0.7151377449588203]"
198,198,0.7382845782448193,"[0, 1.057777777777778, 1.0, 0.9891666666666666, 1.0, 0.7382845782448193]"
199,199,0.7431127520590763,"[0, 1.053611111111111, 1.0, 0.9894444444444443, 1.0, 0.7431127520590763]"
200,200,0.7042033513206505,"[0, 1.0705555555555555, 1.0, 0.9866666666666666, 1.0, 0.7042033513206505]"
201,201,0.7121556376029545,"[0, 1.0638888888888889, 1.0, 0.9872222222222222, 1.0, 0.7121556376029545]"
202,202,0.7127236580516936,"[0, 1.063611111111111, 1.0, 0.9872222222222222, 1.0, 0.7127236580516936]"
203,203,0.7154217551831898,"[0, 1.0625, 1.0, 0.9872222222222222, 1.0, 0.7154217551831898]"
204,204,0.7341664299914825,"[0, 1.0594444444444444, 1.0, 0.9886111111111111, 1.0, 0.7341664299914825]"
205,205,0.7404146549275801,"[0, 1.0533333333333335, 1.0, 0.9891666666666666, 1.0, 0.7404146549275801]"
206,206,0.700795228628234,"[0, 1.0597222222222222, 1.0, 0.9863888888888889, 1.0, 0.700795228628234]"
207,207,0.7097415506958278,"[0, 1.0627777777777778, 1.0, 0.9869444444444444, 1.0, 0.7097415506958278]"
208,208,0.7071854586765163,"[0, 1.0638888888888889, 1.0, 0.9869444444444444, 1.0, 0.7071854586765163]"
209,209,0.7147117296222696,"[0, 1.063611111111111, 1.0, 0.9872222222222222, 1.0, 0.7147117296222696]"
210,210,0.7330303890940115,"[0, 1.0547222222222223, 1.0, 0.9888888888888888, 1.0, 0.7330303890940115]"
211,211,0.7382845782448193,"[0, 1.0527777777777778, 1.0, 0.9891666666666666, 1.0, 0.7382845782448193]"
212,212,0.6912808861119011,"[0, 1.0702777777777777, 1.0, 0.9858333333333332, 1.0, 0.6912808861119011]"
213,213,0.7053393922181215,"[0, 1.0633333333333335, 1.0, 0.9866666666666666, 1.0, 0.7053393922181215]"
214,214,0.7071854586765163,"[0, 1.0619444444444446, 1.0, 0.9869444444444444, 1.0, 0.7071854586765163]"
215,215,0.7107355864811176,"[0, 1.061388888888889, 1.0, 0.9869444444444444, 1.0, 0.7107355864811176]"
216,216,0.7282022152797545,"[0, 1.0544444444444445, 1.0, 0.9883333333333333, 1.0, 0.7282022152797545]"
217,217,0.7151377449588203,"[0, 1.0525, 1.0, 0.9866666666666666, 1.0, 0.7151377449588203]"
218,218,0.6949730190286871,"[0, 1.0641666666666667, 1.0, 0.986111111111111, 1.0, 0.6949730190286871]"
219,219,0.6935529679068466,"[0, 1.0627777777777778, 1.0, 0.986111111111111, 1.0, 0.6935529679068466]"
220,220,0.6915648963362706,"[0, 1.0638888888888889, 1.0, 0.9858333333333332, 1.0, 0.6915648963362706]"
221,221,0.7036353308719114,"[0, 1.0586111111111112, 1.0, 0.9866666666666666, 1.0, 0.7036353308719114]"
222,222,0.6897188298778758,"[0, 1.0630555555555556, 1.0, 0.9858333333333332, 1.0, 0.6897188298778758]"
223,223,0.7050553819937555,"[0, 1.0569444444444445, 1.0, 0.9866666666666666, 1.0, 0.7050553819937555]"
224,224,0.7042033513206505,"[0, 1.0638888888888889, 1.0, 0.9866666666666666, 1.0, 0.7042033513206505]"
225,225,0.6905708605509808,"[0, 1.0591666666666668, 1.0, 0.9858333333333332, 1.0, 0.6905708605509808]"
226,226,0.7000852030673137,"[0, 1.0569444444444445, 1.0, 0.9863888888888889, 1.0, 0.7000852030673137]"
227,227,0.6854586765123578,"[0, 1.0638888888888889, 1.0, 0.9855555555555555, 1.0, 0.6854586765123578]"
228,228,0.711587617154219,"[0, 1.0566666666666666, 1.0, 0.9872222222222222, 1.0, 0.711587617154219]"
229,229,0.7159897756319253,"[0, 1.0533333333333335, 1.0, 0.9877777777777778, 1.0, 0.7159897756319253]"
230,230,0.6905708605509808,"[0, 1.0655555555555556, 1.0, 0.9858333333333332, 1.0, 0.6905708605509808]"
231,231,0.6873047429707491,"[0, 1.0580555555555555, 1.0, 0.9855555555555555, 1.0, 0.6873047429707491]"
232,232,0.6985231468332884,"[0, 1.0627777777777778, 1.0, 0.9863888888888889, 1.0, 0.6985231468332884]"
233,233,0.7032093155353607,"[0, 1.061388888888889, 1.0, 0.9866666666666666, 1.0, 0.7032093155353607]"
234,234,0.7121556376029545,"[0, 1.0541666666666667, 1.0, 0.9872222222222222, 1.0, 0.7121556376029545]"
235,235,0.70448736154502,"[0, 1.0519444444444446, 1.0, 0.986111111111111, 1.0, 0.70448736154502]"
236,236,0.6877307583073033,"[0, 1.065, 1.0, 0.9858333333333332, 1.0, 0.6877307583073033]"
237,237,0.6902868503266149,"[0, 1.058888888888889, 1.0, 0.9858333333333332, 1.0, 0.6902868503266149]"
238,238,0.6965350752627124,"[0, 1.0594444444444444, 1.0, 0.9863888888888889, 1.0, 0.6965350752627124]"
239,239,0.701647259301339,"[0, 1.058888888888889, 1.0, 0.9866666666666666, 1.0, 0.701647259301339]"
240,240,0.7061914228912265,"[0, 1.0533333333333335, 1.0, 0.9872222222222222, 1.0, 0.7061914228912265]"
241,241,0.6885827889804048,"[0, 1.0516666666666667, 1.0, 0.9847222222222222, 1.0, 0.6885827889804048]"
242,242,0.6811985231468327,"[0, 1.0644444444444445, 1.0, 0.9852777777777777, 1.0, 0.6811985231468327]"
243,243,0.6762283442203945,"[0, 1.0619444444444446, 1.0, 0.985, 1.0, 0.6762283442203945]"
244,244,0.6800624822493617,"[0, 1.0605555555555557, 1.0, 0.9852777777777777, 1.0, 0.6800624822493617]"
245,245,0.7026412950866288,"[0, 1.0575, 1.0, 0.9869444444444444, 1.0, 0.7026412950866288]"
246,246,0.7151377449588203,"[0, 1.0502777777777779, 1.0, 0.9877777777777778, 1.0, 0.7151377449588203]"
247,247,0.6733882419767134,"[0, 1.0533333333333335, 1.0, 0.9844444444444443, 1.0, 0.6733882419767134]"
248,248,0.6790684464640755,"[0, 1.0611111111111111, 1.0, 0.985, 1.0, 0.6790684464640755]"
249,249,0.6789264413518907,"[0, 1.0619444444444446, 1.0, 0.9852777777777777, 1.0, 0.6789264413518907]"
250,250,0.6912808861119011,"[0, 1.0594444444444444, 1.0, 0.986111111111111, 1.0, 0.6912808861119011]"
251,251,0.7077534791252518,"[0, 1.0505555555555557, 1.0, 0.9872222222222222, 1.0, 0.7077534791252518]"
252,252,0.711587617154219,"[0, 1.0497222222222222, 1.0, 0.9874999999999999, 1.0, 0.711587617154219]"
253,253,0.7128656631638748,"[0, 1.047777777777778, 1.0, 0.9874999999999999, 1.0, 0.7128656631638748]"
254,254,0.7154217551831898,"[0, 1.0466666666666669, 1.0, 0.9877777777777778, 1.0, 0.7154217551831898]"
255,255,0.7144277193979001,"[0, 1.0466666666666669, 1.0, 0.9877777777777778, 1.0, 0.7144277193979001]"
256,256,0.7145697245100848,"[0, 1.0458333333333334, 1.0, 0.9877777777777778, 1.0, 0.7145697245100848]"
257,257,0.7149957398466356,"[0, 1.0447222222222223, 1.0, 0.9877777777777778, 1.0, 0.7149957398466356]"
258,258,0.7162737858562913,"[0, 1.0447222222222223, 1.0, 0.9880555555555555, 1.0, 0.7162737858562913]"
259,259,0.6675660323771702,"[0, 1.0444444444444445, 1.0, 0.9836111111111111, 1.0, 0.6675660323771702]"
260,260,0.6448452144277219,"[0, 1.0725, 1.0, 0.9825, 1.0, 0.6448452144277219]"
261,261,0.65251349048566,"[0, 1.0647222222222223, 1.0, 0.9836111111111111, 1.0, 0.65251349048566]"
262,262,0.6590457256461271,"[0, 1.0602777777777779, 1.0, 0.9838888888888888, 1.0, 0.6590457256461271]"
263,263,0.6704061346208512,"[0, 1.0586111111111112, 1.0, 0.9847222222222222, 1.0, 0.6704061346208512]"
264,264,0.6699801192842969,"[0, 1.0633333333333335, 1.0, 0.9847222222222222, 1.0, 0.6699801192842969]"
265,265,0.6630218687872791,"[0, 1.0597222222222222, 1.0, 0.9844444444444443, 1.0, 0.6630218687872791]"
266,266,0.6679920477137209,"[0, 1.0572222222222223, 1.0, 0.9844444444444443, 1.0, 0.6679920477137209]"
267,267,0.6692700937233766,"[0, 1.0558333333333334, 1.0, 0.9847222222222222, 1.0, 0.6692700937233766]"
268,268,0.6577676796364713,"[0, 1.0594444444444444, 1.0, 0.9838888888888888, 1.0, 0.6577676796364713]"
269,269,0.6695541039477426,"[0, 1.0552777777777778, 1.0, 0.9847222222222222, 1.0, 0.6695541039477426]"
270,270,0.6608917921045183,"[0, 1.0547222222222223, 1.0, 0.9838888888888888, 1.0, 0.6608917921045183]"
271,271,0.6627378585629096,"[0, 1.0630555555555556, 1.0, 0.9841666666666666, 1.0, 0.6627378585629096]"
272,272,0.6671400170406159,"[0, 1.0555555555555556, 1.0, 0.9844444444444443, 1.0, 0.6671400170406159]"
273,273,0.6672820221527971,"[0, 1.0561111111111112, 1.0, 0.9844444444444443, 1.0, 0.6672820221527971]"
274,274,0.6682760579380869,"[0, 1.0561111111111112, 1.0, 0.9847222222222222, 1.0, 0.6682760579380869]"
275,275,0.6668560068162463,"[0, 1.0555555555555556, 1.0, 0.9844444444444443, 1.0, 0.6668560068162463]"
276,276,0.6657199659187754,"[0, 1.0552777777777778, 1.0, 0.9844444444444443, 1.0, 0.6657199659187754]"
277,277,0.6627378585629096,"[0, 1.0561111111111112, 1.0, 0.9841666666666666, 1.0, 0.6627378585629096]"
278,278,0.6618858278898081,"[0, 1.0572222222222223, 1.0, 0.9841666666666666, 1.0, 0.6618858278898081]"
279,279,0.6486793524566892,"[0, 1.0575, 1.0, 0.9833333333333333, 1.0, 0.6486793524566892]"
280,280,0.6458392502130081,"[0, 1.0608333333333333, 1.0, 0.9833333333333333, 1.0, 0.6458392502130081]"
281,281,0.6709741550695867,"[0, 1.0538888888888889, 1.0, 0.985, 1.0, 0.6709741550695867]"
282,282,0.68020448736155,"[0, 1.0491666666666668, 1.0, 0.9855555555555555, 1.0, 0.68020448736155]"
283,283,0.6422891224084104,"[0, 1.0569444444444445, 1.0, 0.9830555555555556, 1.0, 0.6422891224084104]"
284,284,0.6491053677932435,"[0, 1.058888888888889, 1.0, 0.9833333333333333, 1.0, 0.6491053677932435]"
285,285,0.6519454700369245,"[0, 1.057777777777778, 1.0, 0.9836111111111111, 1.0, 0.6519454700369245]"
286,286,0.6478273217835842,"[0, 1.0583333333333333, 1.0, 0.9833333333333333, 1.0, 0.6478273217835842]"
287,287,0.6661459812553261,"[0, 1.0525, 1.0, 0.9847222222222222, 1.0, 0.6661459812553261]"
288,288,0.6732462368645287,"[0, 1.048888888888889, 1.0, 0.9852777777777777, 1.0, 0.6732462368645287]"
289,289,0.6333428003408166,"[0, 1.0663888888888888, 1.0, 0.9825, 1.0, 0.6333428003408166]"
290,290,0.6407270661743851,"[0, 1.0594444444444444, 1.0, 0.9830555555555556, 1.0, 0.6407270661743851]"
291,291,0.6385969894916244,"[0, 1.0586111111111112, 1.0, 0.9827777777777778, 1.0, 0.6385969894916244]"
292,292,0.6376029537063381,"[0, 1.0594444444444444, 1.0, 0.9827777777777778, 1.0, 0.6376029537063381]"
293,293,0.6332007952286283,"[0, 1.0605555555555557, 1.0, 0.9825, 1.0, 0.6332007952286283]"
294,294,0.6324907696677116,"[0, 1.06, 1.0, 0.9825, 1.0, 0.6324907696677116]"
295,295,0.630218687872766,"[0, 1.0605555555555557, 1.0, 0.9822222222222222, 1.0, 0.630218687872766]"
296,296,0.6297926725362117,"[0, 1.0605555555555557, 1.0, 0.9822222222222222, 1.0, 0.6297926725362117]"
297,297,0.6266685600681647,"[0, 1.0602777777777779, 1.0, 0.9819444444444444, 1.0, 0.6266685600681647]"
298,298,0.6474013064470334,"[0, 1.0608333333333333, 1.0, 0.9833333333333333, 1.0, 0.6474013064470334]"
299,299,0.6289406418631103,"[0, 1.0583333333333333, 1.0, 0.9822222222222222, 1.0, 0.6289406418631103]"
300,300,0.6226924169270127,"[0, 1.0605555555555557, 1.0, 0.9819444444444444, 1.0, 0.6226924169270127]"
301,301,0.6378869639307041,"[0, 1.0605555555555557, 1.0, 0.9827777777777778, 1.0, 0.6378869639307041]"
302,302,0.6287986367509255,"[0, 1.0533333333333335, 1.0, 0.9822222222222222, 1.0, 0.6287986367509255]"
303,303,0.6319227492189761,"[0, 1.0611111111111111, 1.0, 0.9825, 1.0, 0.6319227492189761]"
304,304,0.6387389946038091,"[0, 1.0519444444444446, 1.0, 0.9827777777777778, 1.0, 0.6387389946038091]"
305,305,0.6161601817665456,"[0, 1.0611111111111111, 1.0, 0.9813888888888889, 1.0, 0.6161601817665456]"
306,306,0.6431411530815119,"[0, 1.0547222222222223, 1.0, 0.9830555555555556, 1.0, 0.6431411530815119]"
307,307,0.6212723658051722,"[0, 1.0541666666666667, 1.0, 0.9816666666666667, 1.0, 0.6212723658051722]"
308,308,0.6180062482249404,"[0, 1.061388888888889, 1.0, 0.9816666666666667, 1.0, 0.6180062482249404]"
309,309,0.6280886111900053,"[0, 1.056388888888889, 1.0, 0.9822222222222222, 1.0, 0.6280886111900053]"
310,310,0.6370349332575991,"[0, 1.0605555555555557, 1.0, 0.9830555555555556, 1.0, 0.6370349332575991]"
311,311,0.6448452144277219,"[0, 1.0525, 1.0, 0.9833333333333333, 1.0, 0.6448452144277219]"
312,312,0.621414370917357,"[0, 1.0505555555555557, 1.0, 0.9816666666666667, 1.0, 0.621414370917357]"
313,313,0.6178642431127557,"[0, 1.0605555555555557, 1.0, 0.9816666666666667, 1.0, 0.6178642431127557]"
314,314,0.6184322635614912,"[0, 1.0591666666666668, 1.0, 0.9816666666666667, 1.0, 0.6184322635614912]"
315,315,0.6153081510934406,"[0, 1.0594444444444444, 1.0, 0.9813888888888889, 1.0, 0.6153081510934406]"
316,316,0.630218687872766,"[0, 1.0586111111111112, 1.0, 0.9822222222222222, 1.0, 0.630218687872766]"
317,317,0.6438511786424357,"[0, 1.051111111111111, 1.0, 0.9833333333333333, 1.0, 0.6438511786424357]"
318,318,0.6074978699233213,"[0, 1.061388888888889, 1.0, 0.9811111111111112, 1.0, 0.6074978699233213]"
319,319,0.6155921613178101,"[0, 1.057777777777778, 1.0, 0.9813888888888889, 1.0, 0.6155921613178101]"
320,320,0.6145981255325204,"[0, 1.0580555555555555, 1.0, 0.9813888888888889, 1.0, 0.6145981255325204]"
321,321,0.6123260437375784,"[0, 1.0580555555555555, 1.0, 0.9813888888888889, 1.0, 0.6123260437375784]"
322,322,0.6327747798920775,"[0, 1.0547222222222223, 1.0, 0.9827777777777778, 1.0, 0.6327747798920775]"
323,323,0.6434251633058814,"[0, 1.048888888888889, 1.0, 0.9833333333333333, 1.0, 0.6434251633058814]"
324,324,0.6107639875035531,"[0, 1.0475, 1.0, 0.9805555555555555, 1.0, 0.6107639875035531]"
325,325,0.6143141153081544,"[0, 1.0572222222222223, 1.0, 0.9813888888888889, 1.0, 0.6143141153081544]"
326,326,0.6121840386253936,"[0, 1.0569444444444445, 1.0, 0.9813888888888889, 1.0, 0.6121840386253936]"
327,327,0.6103379721670024,"[0, 1.0572222222222223, 1.0, 0.9811111111111112, 1.0, 0.6103379721670024]"
328,328,0.6292246520874762,"[0, 1.0533333333333335, 1.0, 0.9825, 1.0, 0.6292246520874762]"
329,329,0.6397330303890989,"[0, 1.047777777777778, 1.0, 0.9830555555555556, 1.0, 0.6397330303890989]"
330,330,0.6043737574552708,"[0, 1.046388888888889, 1.0, 0.98, 1.0, 0.6043737574552708]"
331,331,0.6073558648111366,"[0, 1.058888888888889, 1.0, 0.9811111111111112, 1.0, 0.6073558648111366]"
332,332,0.6062198239136656,"[0, 1.056388888888889, 1.0, 0.9808333333333333, 1.0, 0.6062198239136656]"
333,333,0.6039477421187165,"[0, 1.0572222222222223, 1.0, 0.9808333333333333, 1.0, 0.6039477421187165]"
334,334,0.6155921613178101,"[0, 1.0569444444444445, 1.0, 0.9816666666666667, 1.0, 0.6155921613178101]"
335,335,0.6323487645555268,"[0, 1.0480555555555557, 1.0, 0.9827777777777778, 1.0, 0.6323487645555268]"
336,336,0.5907412666856011,"[0, 1.065, 1.0, 0.98, 1.0, 0.5907412666856011]"
337,337,0.6018176654359593,"[0, 1.0572222222222223, 1.0, 0.9808333333333333, 1.0, 0.6018176654359593]"
338,338,0.6016756603237745,"[0, 1.0561111111111112, 1.0, 0.9805555555555555, 1.0, 0.6016756603237745]"
339,339,0.6016756603237745,"[0, 1.0569444444444445, 1.0, 0.9805555555555555, 1.0, 0.6016756603237745]"
340,340,0.6199943197955129,"[0, 1.0516666666666667, 1.0, 0.9819444444444444, 1.0, 0.6199943197955129]"
341,341,0.6292246520874762,"[0, 1.046388888888889, 1.0, 0.9825, 1.0, 0.6292246520874762]"
342,342,0.5832149957398478,"[0, 1.0663888888888888, 1.0, 0.9794444444444445, 1.0, 0.5832149957398478]"
343,343,0.5961374609485972,"[0, 1.0569444444444445, 1.0, 0.9802777777777778, 1.0, 0.5961374609485972]"
344,344,0.5961374609485972,"[0, 1.056388888888889, 1.0, 0.9802777777777778, 1.0, 0.5961374609485972]"
345,345,0.5955694404998617,"[0, 1.0569444444444445, 1.0, 0.9802777777777778, 1.0, 0.5955694404998617]"
346,346,0.6096279466060821,"[0, 1.0547222222222223, 1.0, 0.9813888888888889, 1.0, 0.6096279466060821]"
347,347,0.624538483385404,"[0, 1.0469444444444445, 1.0, 0.9822222222222222, 1.0, 0.624538483385404]"
348,348,0.5738426583356997,"[0, 1.058888888888889, 1.0, 0.9788888888888889, 1.0, 0.5738426583356997]"
349,349,0.5874751491053694,"[0, 1.0569444444444445, 1.0, 0.9797222222222223, 1.0, 0.5874751491053694]"
350,350,0.5903152513490504,"[0, 1.0558333333333334, 1.0, 0.98, 1.0, 0.5903152513490504]"
351,351,0.5864811133200831,"[0, 1.057777777777778, 1.0, 0.9797222222222223, 1.0, 0.5864811133200831]"
352,352,0.6114740130644734,"[0, 1.05, 1.0, 0.9816666666666667, 1.0, 0.6114740130644734]"
353,353,0.6208463504686215,"[0, 1.0458333333333334, 1.0, 0.9822222222222222, 1.0, 0.6208463504686215]"
354,354,0.5692984947458122,"[0, 1.0616666666666668, 1.0, 0.9786111111111111, 1.0, 0.5692984947458122]"
355,355,0.5826469752911159,"[0, 1.0572222222222223, 1.0, 0.9794444444444445, 1.0, 0.5826469752911159]"
356,356,0.5798068730474313,"[0, 1.0558333333333334, 1.0, 0.9791666666666666, 1.0, 0.5798068730474313]"
357,357,0.6347628514626571,"[0, 1.038888888888889, 1.0, 0.9833333333333333, 1.0, 0.6347628514626571]"
358,358,0.6204203351320672,"[0, 1.0425000000000002, 1.0, 0.9822222222222222, 1.0, 0.6204203351320672]"
359,359,0.6207043453564367,"[0, 1.0430555555555556, 1.0, 0.9822222222222222, 1.0, 0.6207043453564367]"
360,360,0.6417211019596714,"[0, 1.0361111111111112, 1.0, 0.9836111111111111, 1.0, 0.6417211019596714]"
361,361,0.6314967338824218,"[0, 1.0391666666666668, 1.0, 0.9830555555555556, 1.0, 0.6314967338824218]"
362,362,0.6207043453564367,"[0, 1.0419444444444446, 1.0, 0.9819444444444444, 1.0, 0.6207043453564367]"
363,363,0.6137460948594189,"[0, 1.045277777777778, 1.0, 0.9816666666666667, 1.0, 0.6137460948594189]"
364,364,0.6084919057086076,"[0, 1.046388888888889, 1.0, 0.9813888888888889, 1.0, 0.6084919057086076]"
365,365,0.607071854586767,"[0, 1.0466666666666669, 1.0, 0.9811111111111112, 1.0, 0.607071854586767]"
366,366,0.6026696961090607,"[0, 1.0480555555555557, 1.0, 0.9808333333333333, 1.0, 0.6026696961090607]"
367,367,0.5904572564612351,"[0, 1.051388888888889, 1.0, 0.98, 1.0, 0.5904572564612351]"
368,368,0.5932973587049162,"[0, 1.05, 1.0, 0.9802777777777778, 1.0, 0.5932973587049162]"
369,369,0.5914512922465249,"[0, 1.0502777777777779, 1.0, 0.98, 1.0, 0.5914512922465249]"
370,370,0.5857710877591629,"[0, 1.051111111111111, 1.0, 0.9797222222222223, 1.0, 0.5857710877591629]"
371,371,0.5825049701789276,"[0, 1.0519444444444446, 1.0, 0.9794444444444445, 1.0, 0.5825049701789276]"
372,372,0.5820789548423768,"[0, 1.0525, 1.0, 0.9794444444444445, 1.0, 0.5820789548423768]"
373,373,0.5812269241692718,"[0, 1.0522222222222222, 1.0, 0.9794444444444445, 1.0, 0.5812269241692718]"
374,374,0.5827889804032971,"[0, 1.0508333333333333, 1.0, 0.9797222222222223, 1.0, 0.5827889804032971]"
375,375,0.5803748934961703,"[0, 1.0516666666666667, 1.0, 0.9794444444444445, 1.0, 0.5803748934961703]"
376,376,0.5765407554671995,"[0, 1.0525, 1.0, 0.9791666666666666, 1.0, 0.5765407554671995]"
377,377,0.574268673672254,"[0, 1.0522222222222222, 1.0, 0.9791666666666666, 1.0, 0.574268673672254]"
378,378,0.5758307299062793,"[0, 1.0527777777777778, 1.0, 0.9791666666666666, 1.0, 0.5758307299062793]"
379,379,0.57796080658904,"[0, 1.0519444444444446, 1.0, 0.9794444444444445, 1.0, 0.57796080658904]"
380,380,0.5766827605793843,"[0, 1.0502777777777779, 1.0, 0.9791666666666666, 1.0, 0.5766827605793843]"
381,381,0.5756887247940945,"[0, 1.051111111111111, 1.0, 0.9791666666666666, 1.0, 0.5756887247940945]"
382,382,0.5721385969894932,"[0, 1.0519444444444446, 1.0, 0.9788888888888889, 1.0, 0.5721385969894932]"
383,383,0.5695825049701817,"[0, 1.0519444444444446, 1.0, 0.9788888888888889, 1.0, 0.5695825049701817]"
384,384,0.5725646123260475,"[0, 1.0516666666666667, 1.0, 0.9788888888888889, 1.0, 0.5725646123260475]"
385,385,0.5776767963646705,"[0, 1.0505555555555557, 1.0, 0.9794444444444445, 1.0, 0.5776767963646705]"
386,386,0.5763987503550148,"[0, 1.0486111111111112, 1.0, 0.9791666666666666, 1.0, 0.5763987503550148]"
387,387,0.5732746378869678,"[0, 1.0497222222222222, 1.0, 0.9791666666666666, 1.0, 0.5732746378869678]"
388,388,0.5698665151945512,"[0, 1.051111111111111, 1.0, 0.9788888888888889, 1.0, 0.5698665151945512]"
389,389,0.5677364385117905,"[0, 1.0502777777777779, 1.0, 0.9786111111111111, 1.0, 0.5677364385117905]"
390,390,0.5710025560920222,"[0, 1.0502777777777779, 1.0, 0.9788888888888889, 1.0, 0.5710025560920222]"
391,391,0.5698665151945512,"[0, 1.0502777777777779, 1.0, 0.9788888888888889, 1.0, 0.5698665151945512]"
392,392,0.5663163873899464,"[0, 1.048888888888889, 1.0, 0.9786111111111111, 1.0, 0.5663163873899464]"
393,393,0.5654643567168449,"[0, 1.048888888888889, 1.0, 0.9786111111111111, 1.0, 0.5654643567168449]"
394,394,0.5596421471172981,"[0, 1.0522222222222222, 1.0, 0.9783333333333334, 1.0, 0.5596421471172981]"
395,395,0.5577960806589033,"[0, 1.0525, 1.0, 0.9780555555555556, 1.0, 0.5577960806589033]"
396,396,0.4924737290542467,"[0, 1.093611111111111, 1.0, 0.9741666666666666, 1.0, 0.4924737290542467]"
397,397,0.5394774211871649,"[0, 1.0491666666666668, 1.0, 0.9769444444444445, 1.0, 0.5394774211871649]"
398,398,0.543169554103951,"[0, 1.0505555555555557, 1.0, 0.9772222222222222, 1.0, 0.543169554103951]"
399,399,0.5396194262993497,"[0, 1.0527777777777778, 1.0, 0.9769444444444445, 1.0, 0.5396194262993497]"
400,400,0.5390514058506142,"[0, 1.0544444444444445, 1.0, 0.9769444444444445, 1.0, 0.5390514058506142]"
401,401,0.5407554671968207,"[0, 1.0533333333333335, 1.0, 0.9772222222222222, 1.0, 0.5407554671968207]"
402,402,0.5438795796648677,"[0, 1.0522222222222222, 1.0, 0.9772222222222222, 1.0, 0.5438795796648677]"
403,403,0.5437375745526865,"[0, 1.0522222222222222, 1.0, 0.9772222222222222, 1.0, 0.5437375745526865]"
404,404,0.5394774211871649,"[0, 1.0527777777777778, 1.0, 0.9769444444444445, 1.0, 0.5394774211871649]"
405,405,0.5384833854018787,"[0, 1.0530555555555556, 1.0, 0.9769444444444445, 1.0, 0.5384833854018787]"
406,406,0.5364953138313027,"[0, 1.0541666666666667, 1.0, 0.9769444444444445, 1.0, 0.5364953138313027]"
407,407,0.5394774211871649,"[0, 1.0533333333333335, 1.0, 0.9769444444444445, 1.0, 0.5394774211871649]"
408,408,0.5457256461232625,"[0, 1.0505555555555557, 1.0, 0.9775, 1.0, 0.5457256461232625]"
409,409,0.5485657483669435,"[0, 1.051111111111111, 1.0, 0.9775, 1.0, 0.5485657483669435]"
410,410,0.5391934109627954,"[0, 1.0494444444444446, 1.0, 0.9769444444444445, 1.0, 0.5391934109627954]"
411,411,0.5322351604657776,"[0, 1.053611111111111, 1.0, 0.9766666666666667, 1.0, 0.5322351604657776]"
412,412,0.5417495029821104,"[0, 1.0547222222222223, 1.0, 0.9772222222222222, 1.0, 0.5417495029821104]"
413,413,0.5492757739278638,"[0, 1.048888888888889, 1.0, 0.9777777777777777, 1.0, 0.5492757739278638]"
414,414,0.5536779324055665,"[0, 1.046388888888889, 1.0, 0.9780555555555556, 1.0, 0.5536779324055665]"
415,415,0.551689860834994,"[0, 1.0469444444444445, 1.0, 0.9780555555555556, 1.0, 0.551689860834994]"
416,416,0.5381993751775092,"[0, 1.0483333333333333, 1.0, 0.9769444444444445, 1.0, 0.5381993751775092]"
417,417,0.5329451860266978,"[0, 1.0516666666666667, 1.0, 0.9766666666666667, 1.0, 0.5329451860266978]"
418,418,0.5389094007384294,"[0, 1.0527777777777778, 1.0, 0.9769444444444445, 1.0, 0.5389094007384294]"
419,419,0.5461516614598132,"[0, 1.0480555555555557, 1.0, 0.9775, 1.0, 0.5461516614598132]"
420,420,0.5494177790400485,"[0, 1.0461111111111112, 1.0, 0.9777777777777777, 1.0, 0.5494177790400485]"
421,421,0.547997727918208,"[0, 1.046388888888889, 1.0, 0.9777777777777777, 1.0, 0.547997727918208]"
422,422,0.5347912524850926,"[0, 1.048888888888889, 1.0, 0.9766666666666667, 1.0, 0.5347912524850926]"
423,423,0.5320931553535964,"[0, 1.0502777777777779, 1.0, 0.9766666666666667, 1.0, 0.5320931553535964]"
424,424,0.5373473445044041,"[0, 1.0516666666666667, 1.0, 0.9769444444444445, 1.0, 0.5373473445044041]"
425,425,0.5434535643283169,"[0, 1.046388888888889, 1.0, 0.9772222222222222, 1.0, 0.5434535643283169]"
426,426,0.5399034365237192,"[0, 1.047777777777778, 1.0, 0.9772222222222222, 1.0, 0.5399034365237192]"
427,427,0.5352172678216434,"[0, 1.048888888888889, 1.0, 0.9769444444444445, 1.0, 0.5352172678216434]"
428,428,0.5296790684464661,"[0, 1.0494444444444446, 1.0, 0.9763888888888889, 1.0, 0.5296790684464661]"
429,429,0.5296790684464661,"[0, 1.0494444444444446, 1.0, 0.9763888888888889, 1.0, 0.5296790684464661]"
430,430,0.529963078670832,"[0, 1.0505555555555557, 1.0, 0.9763888888888889, 1.0, 0.529963078670832]"
431,431,0.5298210735586508,"[0, 1.048888888888889, 1.0, 0.9763888888888889, 1.0, 0.5298210735586508]"
432,432,0.5316671400170421,"[0, 1.0480555555555557, 1.0, 0.9766666666666667, 1.0, 0.5316671400170421]"
433,433,0.5301050837830203,"[0, 1.0486111111111112, 1.0, 0.9763888888888889, 1.0, 0.5301050837830203]"
434,434,0.5254189150809445,"[0, 1.0494444444444446, 1.0, 0.9761111111111112, 1.0, 0.5254189150809445]"
435,435,0.5254189150809445,"[0, 1.0491666666666668, 1.0, 0.9761111111111112, 1.0, 0.5254189150809445]"
436,436,0.5238568588469228,"[0, 1.0502777777777779, 1.0, 0.9761111111111112, 1.0, 0.5238568588469228]"
437,437,0.5232888383981837,"[0, 1.0491666666666668, 1.0, 0.9761111111111112, 1.0, 0.5232888383981837]"
438,438,0.5258449304174988,"[0, 1.0480555555555557, 1.0, 0.9763888888888889, 1.0, 0.5258449304174988]"
439,439,0.5255609201931328,"[0, 1.0486111111111112, 1.0, 0.9763888888888889, 1.0, 0.5255609201931328]"
440,440,0.5205907412666875,"[0, 1.0486111111111112, 1.0, 0.9758333333333333, 1.0, 0.5205907412666875]"
441,441,0.5201647259301367,"[0, 1.048888888888889, 1.0, 0.9758333333333333, 1.0, 0.5201647259301367]"
442,442,0.5204487361545063,"[0, 1.0494444444444446, 1.0, 0.9758333333333333, 1.0, 0.5204487361545063]"
443,443,0.5198807157057672,"[0, 1.048888888888889, 1.0, 0.9758333333333333, 1.0, 0.5198807157057672]"
444,444,0.5224368077250787,"[0, 1.0475, 1.0, 0.9761111111111112, 1.0, 0.5224368077250787]"
445,445,0.5205907412666875,"[0, 1.0483333333333333, 1.0, 0.9758333333333333, 1.0, 0.5205907412666875]"
446,446,0.5151945470036949,"[0, 1.0483333333333333, 1.0, 0.9755555555555555, 1.0, 0.5151945470036949]"
447,447,0.5153365521158797,"[0, 1.0483333333333333, 1.0, 0.9755555555555555, 1.0, 0.5153365521158797]"
448,448,0.5153365521158797,"[0, 1.0491666666666668, 1.0, 0.9755555555555555, 1.0, 0.5153365521158797]"
449,449,0.514058506106224,"[0, 1.0486111111111112, 1.0, 0.9755555555555555, 1.0, 0.514058506106224]"
450,450,0.3185174666288013,"[0, 1.0475, 1.0, 0.9641666666666666, 1.0, 0.3185174666288013]"
451,451,0.4075546719681924,"[0, 1.0319444444444443, 1.0, 0.9694444444444444, 1.0, 0.4075546719681924]"
452,452,0.4382277761999447,"[0, 1.0336111111111113, 1.0, 0.9711111111111111, 1.0, 0.4382277761999447]"
453,453,0.45384833854019035,"[0, 1.0375, 1.0, 0.9719444444444445, 1.0, 0.45384833854019035]"
454,454,0.4643567168418059,"[0, 1.0408333333333335, 1.0, 0.9727777777777777, 1.0, 0.4643567168418059]"
455,455,0.4713149673388273,"[0, 1.0422222222222224, 1.0, 0.9730555555555556, 1.0, 0.4713149673388273]"
456,456,0.47784720249929435,"[0, 1.0419444444444446, 1.0, 0.9736111111111111, 1.0, 0.47784720249929435]"
457,457,0.4806873047429754,"[0, 1.0419444444444446, 1.0, 0.9738888888888889, 1.0, 0.4806873047429754]"
458,458,0.48040329451860586,"[0, 1.0427777777777778, 1.0, 0.9736111111111111, 1.0, 0.48040329451860586]"
459,459,0.48253337120136663,"[0, 1.0433333333333334, 1.0, 0.9736111111111111, 1.0, 0.48253337120136663]"
460,460,0.4833854018744681,"[0, 1.0441666666666667, 1.0, 0.9738888888888889, 1.0, 0.4833854018744681]"
461,461,0.48253337120136663,"[0, 1.0447222222222223, 1.0, 0.9736111111111111, 1.0, 0.48253337120136663]"
462,462,0.48395342232320715,"[0, 1.0441666666666667, 1.0, 0.9738888888888889, 1.0, 0.48395342232320715]"
463,463,0.48679352456688463,"[0, 1.0441666666666667, 1.0, 0.9741666666666666, 1.0, 0.48679352456688463]"
464,464,0.48537347344504767,"[0, 1.0436111111111113, 1.0, 0.9741666666666666, 1.0, 0.48537347344504767]"
465,465,0.4862255041181527,"[0, 1.0430555555555556, 1.0, 0.9738888888888889, 1.0, 0.4862255041181527]"
466,466,0.4836694120988376,"[0, 1.0447222222222223, 1.0, 0.9738888888888889, 1.0, 0.4836694120988376]"
467,467,0.4808293098551566,"[0, 1.0450000000000002, 1.0, 0.9736111111111111, 1.0, 0.4808293098551566]"
468,468,0.4840954274353919,"[0, 1.0444444444444445, 1.0, 0.9738888888888889, 1.0, 0.4840954274353919]"
469,469,0.4849474581084934,"[0, 1.0444444444444445, 1.0, 0.9738888888888889, 1.0, 0.4849474581084934]"
470,470,0.48452144277194265,"[0, 1.0441666666666667, 1.0, 0.9738888888888889, 1.0, 0.48452144277194265]"
471,471,0.48466344788412385,"[0, 1.0427777777777778, 1.0, 0.9738888888888889, 1.0, 0.48466344788412385]"
472,472,0.48295938653791737,"[0, 1.0444444444444445, 1.0, 0.9738888888888889, 1.0, 0.48295938653791737]"
473,473,0.4838114172110224,"[0, 1.0447222222222223, 1.0, 0.9738888888888889, 1.0, 0.4838114172110224]"
474,474,0.4818233456404464,"[0, 1.0444444444444445, 1.0, 0.9736111111111111, 1.0, 0.4818233456404464]"
475,475,0.39079806873047573,"[0, 1.061388888888889, 1.0, 0.9683333333333334, 1.0, 0.39079806873047573]"
476,476,0.414370917353029,"[0, 1.05, 1.0, 0.9694444444444444, 1.0, 0.414370917353029]"
477,477,0.41877307583073176,"[0, 1.0516666666666667, 1.0, 0.9697222222222223, 1.0, 0.41877307583073176]"
478,478,0.41763703493326076,"[0, 1.055, 1.0, 0.9697222222222223, 1.0, 0.41763703493326076]"
479,479,0.4221811985231483,"[0, 1.0555555555555556, 1.0, 0.9697222222222223, 1.0, 0.4221811985231483]"
480,480,0.4238852598693583,"[0, 1.0541666666666667, 1.0, 0.9702777777777778, 1.0, 0.4238852598693583]"
481,481,0.42615734166430386,"[0, 1.0541666666666667, 1.0, 0.9702777777777778, 1.0, 0.42615734166430386]"
482,482,0.42047713717693824,"[0, 1.0538888888888889, 1.0, 0.97, 1.0, 0.42047713717693824]"
483,483,0.4220391934109671,"[0, 1.0541666666666667, 1.0, 0.9697222222222223, 1.0, 0.4220391934109671]"
484,484,0.41735302470889124,"[0, 1.0561111111111112, 1.0, 0.9697222222222223, 1.0, 0.41735302470889124]"
485,485,0.41735302470889124,"[0, 1.0561111111111112, 1.0, 0.9697222222222223, 1.0, 0.41735302470889124]"
486,486,0.421471172962228,"[0, 1.0544444444444445, 1.0, 0.97, 1.0, 0.421471172962228]"
487,487,0.42317523430843806,"[0, 1.0547222222222223, 1.0, 0.97, 1.0, 0.42317523430843806]"
488,488,0.4210451576256773,"[0, 1.0544444444444445, 1.0, 0.97, 1.0, 0.4210451576256773]"
489,489,0.4199091167282063,"[0, 1.0544444444444445, 1.0, 0.97, 1.0, 0.4199091167282063]"
490,490,0.4180630502698115,"[0, 1.0558333333333334, 1.0, 0.9697222222222223, 1.0, 0.4180630502698115]"
491,491,0.41721101959671003,"[0, 1.0558333333333334, 1.0, 0.9697222222222223, 1.0, 0.41721101959671003]"
492,492,0.4218971882987823,"[0, 1.0530555555555556, 1.0, 0.97, 1.0, 0.4218971882987823]"
493,493,0.4244532803180938,"[0, 1.0538888888888889, 1.0, 0.9702777777777778, 1.0, 0.4244532803180938]"
494,494,0.41976711161602154,"[0, 1.0541666666666667, 1.0, 0.97, 1.0, 0.41976711161602154]"
495,495,0.42047713717693824,"[0, 1.053611111111111, 1.0, 0.97, 1.0, 0.42047713717693824]"
496,496,0.4191990911672825,"[0, 1.0544444444444445, 1.0, 0.97, 1.0, 0.4191990911672825]"
497,497,0.41735302470889124,"[0, 1.0544444444444445, 1.0, 0.9697222222222223, 1.0, 0.41735302470889124]"
498,498,0.4227492189718838,"[0, 1.0527777777777778, 1.0, 0.97, 1.0, 0.4227492189718838]"
499,499,0.4224652087475178,"[0, 1.0533333333333335, 1.0, 0.97, 1.0, 0.4224652087475178]"
500,500,0.418347060494181,"[0, 1.0538888888888889, 1.0, 0.9697222222222223, 1.0, 0.418347060494181]"
501,501,0.41820505538199626,"[0, 1.0525, 1.0, 0.9697222222222223, 1.0, 0.41820505538199626]"
502,502,0.4155069582505,"[0, 1.0544444444444445, 1.0, 0.9697222222222223, 1.0, 0.4155069582505]"
503,503,0.41976711161602154,"[0, 1.0547222222222223, 1.0, 0.9691666666666666, 1.0, 0.41976711161602154]"
504,504,0.41323487645555446,"[0, 1.0552777777777778, 1.0, 0.9694444444444444, 1.0, 0.41323487645555446]"
505,505,0.41479693268957973,"[0, 1.055, 1.0, 0.9697222222222223, 1.0, 0.41479693268957973]"
506,506,0.4109627946606125,"[0, 1.0541666666666667, 1.0, 0.9694444444444444, 1.0, 0.4109627946606125]"
507,507,0.4122408406702647,"[0, 1.0552777777777778, 1.0, 0.9691666666666666, 1.0, 0.4122408406702647]"
508,508,0.41238284578244944,"[0, 1.0558333333333334, 1.0, 0.9688888888888889, 1.0, 0.41238284578244944]"
509,509,0.4106787844362394,"[0, 1.0558333333333334, 1.0, 0.9688888888888889, 1.0, 0.4106787844362394]"
510,510,0.4061346208463519,"[0, 1.0552777777777778, 1.0, 0.9691666666666666, 1.0, 0.4061346208463519]"
511,511,0.4069866515194569,"[0, 1.0547222222222223, 1.0, 0.9691666666666666, 1.0, 0.4069866515194569]"
512,512,0.4116728202215292,"[0, 1.0547222222222223, 1.0, 0.9688888888888889, 1.0, 0.4116728202215292]"
513,513,0.4119568304458987,"[0, 1.0552777777777778, 1.0, 0.9688888888888889, 1.0, 0.4119568304458987]"
514,514,0.4074126668560112,"[0, 1.056388888888889, 1.0, 0.9688888888888889, 1.0, 0.4074126668560112]"
515,515,0.4008804316955441,"[0, 1.0566666666666666, 1.0, 0.9686111111111111, 1.0, 0.4008804316955441]"
516,516,0.40570860550980115,"[0, 1.0552777777777778, 1.0, 0.9688888888888889, 1.0, 0.40570860550980115]"
517,517,0.4061346208463519,"[0, 1.0544444444444445, 1.0, 0.9688888888888889, 1.0, 0.4061346208463519]"
518,518,0.4034365237148556,"[0, 1.056388888888889, 1.0, 0.9683333333333334, 1.0, 0.4034365237148556]"
519,519,0.4017324623686491,"[0, 1.0572222222222223, 1.0, 0.9680555555555556, 1.0, 0.4017324623686491]"
520,520,0.3991763703493376,"[0, 1.0580555555555555, 1.0, 0.9680555555555556, 1.0, 0.3991763703493376]"
521,521,0.3984663447884138,"[0, 1.0572222222222223, 1.0, 0.9680555555555556, 1.0, 0.3984663447884138]"
522,522,0.39704629366657684,"[0, 1.0558333333333334, 1.0, 0.9686111111111111, 1.0, 0.39704629366657684]"
523,523,0.4005964214711746,"[0, 1.0555555555555556, 1.0, 0.9683333333333334, 1.0, 0.4005964214711746]"
524,524,0.3984663447884138,"[0, 1.0561111111111112, 1.0, 0.9680555555555556, 1.0, 0.3984663447884138]"
525,525,0.3980403294518631,"[0, 1.0572222222222223, 1.0, 0.9680555555555556, 1.0, 0.3980403294518631]"
526,526,0.39406418631071105,"[0, 1.0580555555555555, 1.0, 0.9677777777777777, 1.0, 0.39406418631071105]"
527,527,0.3961942629934718,"[0, 1.0566666666666666, 1.0, 0.9680555555555556, 1.0, 0.3961942629934718]"
528,528,0.39406418631071105,"[0, 1.0552777777777778, 1.0, 0.9683333333333334, 1.0, 0.39406418631071105]"
529,529,0.3984663447884138,"[0, 1.055, 1.0, 0.9683333333333334, 1.0, 0.3984663447884138]"
530,530,0.39520022720818204,"[0, 1.0558333333333334, 1.0, 0.9677777777777777, 1.0, 0.39520022720818204]"
531,531,0.39321215563760603,"[0, 1.0555555555555556, 1.0, 0.9680555555555556, 1.0, 0.39321215563760603]"
532,532,0.38809997159897947,"[0, 1.0575, 1.0, 0.9675, 1.0, 0.38809997159897947]"
533,533,0.385259869355302,"[0, 1.058888888888889, 1.0, 0.9677777777777777, 1.0, 0.385259869355302]"
534,534,0.39875035501278333,"[0, 1.0530555555555556, 1.0, 0.9686111111111111, 1.0, 0.39875035501278333]"
535,535,0.3978983243396783,"[0, 1.051388888888889, 1.0, 0.9686111111111111, 1.0, 0.3978983243396783]"
536,536,0.39662027833002256,"[0, 1.0519444444444446, 1.0, 0.9686111111111111, 1.0, 0.39662027833002256]"
537,537,0.39264413518887054,"[0, 1.0527777777777778, 1.0, 0.9683333333333334, 1.0, 0.39264413518887054]"
538,538,0.3905140585061062,"[0, 1.0538888888888889, 1.0, 0.9683333333333334, 1.0, 0.3905140585061062]"
539,539,0.3990343652371493,"[0, 1.0522222222222222, 1.0, 0.9686111111111111, 1.0, 0.3990343652371493]"
540,540,0.40627662595853664,"[0, 1.0494444444444446, 1.0, 0.9691666666666666, 1.0, 0.40627662595853664]"
541,541,0.40272649815393535,"[0, 1.0494444444444446, 1.0, 0.9688888888888889, 1.0, 0.40272649815393535]"
542,542,0.40215847770519986,"[0, 1.0494444444444446, 1.0, 0.9688888888888889, 1.0, 0.40215847770519986]"
543,543,0.4035785288270404,"[0, 1.0491666666666668, 1.0, 0.9691666666666666, 1.0, 0.4035785288270404]"
544,544,0.40159045725646436,"[0, 1.0491666666666668, 1.0, 0.9688888888888889, 1.0, 0.40159045725646436]"
545,545,0.40017040613462385,"[0, 1.048888888888889, 1.0, 0.9688888888888889, 1.0, 0.40017040613462385]"
546,546,0.39875035501278333,"[0, 1.05, 1.0, 0.9686111111111111, 1.0, 0.39875035501278333]"
547,547,0.39605225788128706,"[0, 1.0502777777777779, 1.0, 0.9686111111111111, 1.0, 0.39605225788128706]"
548,548,0.3973303038909428,"[0, 1.0494444444444446, 1.0, 0.9686111111111111, 1.0, 0.3973303038909428]"
549,549,0.3959102527691023,"[0, 1.0505555555555557, 1.0, 0.9686111111111111, 1.0, 0.3959102527691023]"
550,550,0.3919341096279503,"[0, 1.0508333333333333, 1.0, 0.9683333333333334, 1.0, 0.3919341096279503]"
551,551,0.393496165861972,"[0, 1.05, 1.0, 0.9683333333333334, 1.0, 0.393496165861972]"
552,552,0.38767395626242873,"[0, 1.051111111111111, 1.0, 0.9680555555555556, 1.0, 0.38767395626242873]"
553,553,0.3831297926725412,"[0, 1.0527777777777778, 1.0, 0.9677777777777777, 1.0, 0.3831297926725412]"
554,554,0.3814257313263312,"[0, 1.0525, 1.0, 0.9677777777777777, 1.0, 0.3814257313263312]"
555,555,0.3795796648679364,"[0, 1.053611111111111, 1.0, 0.9675, 1.0, 0.3795796648679364]"
556,556,0.3777335984095451,"[0, 1.053611111111111, 1.0, 0.9675, 1.0, 0.3777335984095451]"
557,557,0.3809997159897769,"[0, 1.0527777777777778, 1.0, 0.9675, 1.0, 0.3809997159897769]"
558,558,0.3824197671116174,"[0, 1.0522222222222222, 1.0, 0.9677777777777777, 1.0, 0.3824197671116174]"
559,559,0.3804316955410414,"[0, 1.0522222222222222, 1.0, 0.9675, 1.0, 0.3804316955410414]"
560,560,0.37716557796080963,"[0, 1.0525, 1.0, 0.9675, 1.0, 0.37716557796080963]"
561,561,0.37418347060494384,"[0, 1.0538888888888889, 1.0, 0.9672222222222222, 1.0, 0.37418347060494384]"
562,562,0.37318943481965405,"[0, 1.0541666666666667, 1.0, 0.9669444444444445, 1.0, 0.37318943481965405]"
563,563,0.3740414654927591,"[0, 1.0530555555555556, 1.0, 0.9672222222222222, 1.0, 0.3740414654927591]"
564,564,0.3784436239704654,"[0, 1.0522222222222222, 1.0, 0.9675, 1.0, 0.3784436239704654]"
565,565,0.37361545015620834,"[0, 1.0519444444444446, 1.0, 0.9672222222222222, 1.0, 0.37361545015620834]"
566,566,0.3729054245952881,"[0, 1.0519444444444446, 1.0, 0.9672222222222222, 1.0, 0.3729054245952881]"
567,567,0.3692132916785056,"[0, 1.053611111111111, 1.0, 0.9669444444444445, 1.0, 0.3692132916785056]"
568,568,0.36651519454700576,"[0, 1.053611111111111, 1.0, 0.9666666666666667, 1.0, 0.36651519454700576]"
569,569,0.37063334280034255,"[0, 1.0527777777777778, 1.0, 0.9669444444444445, 1.0, 0.37063334280034255]"
570,570,0.3707753479125273,"[0, 1.0527777777777778, 1.0, 0.9666666666666667, 1.0, 0.3707753479125273]"
571,571,0.36566316387390074,"[0, 1.0530555555555556, 1.0, 0.9663888888888889, 1.0, 0.36566316387390074]"
572,572,0.3679352456688463,"[0, 1.0538888888888889, 1.0, 0.9663888888888889, 1.0, 0.3679352456688463]"
573,573,0.36679920477137173,"[0, 1.0552777777777778, 1.0, 0.966111111111111, 1.0, 0.36679920477137173]"
574,574,0.36367509230332473,"[0, 1.055, 1.0, 0.966111111111111, 1.0, 0.36367509230332473]"
575,575,0.3629650667424045,"[0, 1.0544444444444445, 1.0, 0.9666666666666667, 1.0, 0.3629650667424045]"
576,576,0.3521726782164194,"[0, 1.0533333333333335, 1.0, 0.9652777777777777, 1.0, 0.3521726782164194]"
577,577,0.3335700085203115,"[0, 1.0619444444444446, 1.0, 0.9641666666666666, 1.0, 0.3335700085203115]"
578,578,0.3247656915648989,"[0, 1.0647222222222223, 1.0, 0.9636111111111111, 1.0, 0.3247656915648989]"
579,579,0.3214995739846671,"[0, 1.0652777777777778, 1.0, 0.9633333333333333, 1.0, 0.3214995739846671]"
580,580,0.311843226356153,"[0, 1.0680555555555555, 1.0, 0.9627777777777777, 1.0, 0.311843226356153]"
581,581,0.32022152797501136,"[0, 1.0663888888888888, 1.0, 0.9633333333333333, 1.0, 0.32022152797501136]"
582,582,0.3188014768531673,"[0, 1.0652777777777778, 1.0, 0.9633333333333333, 1.0, 0.3188014768531673]"
583,583,0.31667140017041007,"[0, 1.0647222222222223, 1.0, 0.9630555555555556, 1.0, 0.31667140017041007]"
584,584,0.3145413234876493,"[0, 1.0661111111111112, 1.0, 0.9630555555555556, 1.0, 0.3145413234876493]"
585,585,0.30389094007384543,"[0, 1.0680555555555555, 1.0, 0.9622222222222222, 1.0, 0.30389094007384543]"
586,586,0.3010508378301644,"[0, 1.0669444444444445, 1.0, 0.9622222222222222, 1.0, 0.3010508378301644]"
587,587,0.3013348480545339,"[0, 1.0691666666666666, 1.0, 0.9622222222222222, 1.0, 0.3013348480545339]"
588,588,0.3019028685032694,"[0, 1.0683333333333334, 1.0, 0.9622222222222222, 1.0, 0.3019028685032694]"
589,589,0.3063050269809722,"[0, 1.0669444444444445, 1.0, 0.9624999999999999, 1.0, 0.3063050269809722]"
590,590,0.30147685316671513,"[0, 1.0686111111111112, 1.0, 0.9622222222222222, 1.0, 0.30147685316671513]"
591,591,0.29593865379153783,"[0, 1.0669444444444445, 1.0, 0.9619444444444444, 1.0, 0.29593865379153783]"
592,592,0.30161885827890345,"[0, 1.0663888888888888, 1.0, 0.9622222222222222, 1.0, 0.30161885827890345]"
593,593,0.29934677648395436,"[0, 1.0688888888888888, 1.0, 0.9619444444444444, 1.0, 0.29934677648395436]"
594,594,0.29977279182050864,"[0, 1.0666666666666667, 1.0, 0.9622222222222222, 1.0, 0.29977279182050864]"
595,595,0.29764271513774787,"[0, 1.0669444444444445, 1.0, 0.9619444444444444, 1.0, 0.29764271513774787]"
596,596,0.29125248508946555,"[0, 1.0688888888888888, 1.0, 0.9616666666666667, 1.0, 0.29125248508946555]"
597,597,0.2891224084067048,"[0, 1.0688888888888888, 1.0, 0.961111111111111, 1.0, 0.2891224084067048]"
598,598,0.2935245668844111,"[0, 1.0708333333333333, 1.0, 0.961111111111111, 1.0, 0.2935245668844111]"
599,599,0.29622266401590736,"[0, 1.0686111111111112, 1.0, 0.9616666666666667, 1.0, 0.29622266401590736]"
600,600,0.29778472024993263,"[0, 1.0669444444444445, 1.0, 0.9619444444444444, 1.0, 0.29778472024993263]"
601,601,0.29764271513774787,"[0, 1.0647222222222223, 1.0, 0.9619444444444444, 1.0, 0.29764271513774787]"
602,602,0.29920477137177315,"[0, 1.0663888888888888, 1.0, 0.9619444444444444, 1.0, 0.29920477137177315]"
603,603,0.2905424595285453,"[0, 1.0672222222222223, 1.0, 0.9613888888888888, 1.0, 0.2905424595285453]"
604,604,0.29238852598693654,"[0, 1.0669444444444445, 1.0, 0.9616666666666667, 1.0, 0.29238852598693654]"
605,605,0.30431695541039616,"[0, 1.0677777777777777, 1.0, 0.9622222222222222, 1.0, 0.30431695541039616]"
606,606,0.3024708889520049,"[0, 1.0622222222222222, 1.0, 0.9622222222222222, 1.0, 0.3024708889520049]"
607,607,0.3040329451860302,"[0, 1.0619444444444446, 1.0, 0.9622222222222222, 1.0, 0.3040329451860302]"
608,608,0.2999147969326934,"[0, 1.0661111111111112, 1.0, 0.9619444444444444, 1.0, 0.2999147969326934]"
609,609,0.2935245668844111,"[0, 1.0647222222222223, 1.0, 0.9616666666666667, 1.0, 0.2935245668844111]"
610,610,0.29835274069866813,"[0, 1.0644444444444445, 1.0, 0.9619444444444444, 1.0, 0.29835274069866813]"
611,611,0.25731326327747794,"[0, 1.075, 1.0, 0.9597222222222221, 1.0, 0.25731326327747794]"
612,612,0.2791820505538247,"[0, 1.0591666666666668, 1.0, 0.961111111111111, 1.0, 0.2791820505538247]"
613,613,0.28557228060210704,"[0, 1.0602777777777779, 1.0, 0.9613888888888888, 1.0, 0.28557228060210704]"
614,614,0.285004260153368,"[0, 1.0622222222222222, 1.0, 0.9613888888888888, 1.0, 0.285004260153368]"
615,615,0.283868219255897,"[0, 1.0622222222222222, 1.0, 0.961111111111111, 1.0, 0.283868219255897]"
616,616,0.28670832149957803,"[0, 1.0616666666666668, 1.0, 0.9613888888888888, 1.0, 0.28670832149957803]"
617,617,0.28727634194831,"[0, 1.0622222222222222, 1.0, 0.9613888888888888, 1.0, 0.28727634194831]"
618,618,0.28898040329452,"[0, 1.0619444444444446, 1.0, 0.9613888888888888, 1.0, 0.28898040329452]"
619,619,0.2915364953138351,"[0, 1.0611111111111111, 1.0, 0.9616666666666667, 1.0, 0.2915364953138351]"
620,620,0.2915364953138351,"[0, 1.0619444444444446, 1.0, 0.9616666666666667, 1.0, 0.2915364953138351]"
621,621,0.2864243112752085,"[0, 1.0619444444444446, 1.0, 0.9613888888888888, 1.0, 0.2864243112752085]"
622,622,0.28883839818233525,"[0, 1.0608333333333333, 1.0, 0.9613888888888888, 1.0, 0.28883839818233525]"
623,623,0.287844362397049,"[0, 1.0627777777777778, 1.0, 0.9613888888888888, 1.0, 0.287844362397049]"
624,624,0.2874183470604983,"[0, 1.0619444444444446, 1.0, 0.9613888888888888, 1.0, 0.2874183470604983]"
625,625,0.2895484237432555,"[0, 1.0608333333333333, 1.0, 0.9616666666666667, 1.0, 0.2895484237432555]"
626,626,0.286992331723944,"[0, 1.0622222222222222, 1.0, 0.9613888888888888, 1.0, 0.286992331723944]"
627,627,0.28557228060210704,"[0, 1.0611111111111111, 1.0, 0.9613888888888888, 1.0, 0.28557228060210704]"
628,628,0.28557228060210704,"[0, 1.0622222222222222, 1.0, 0.9613888888888888, 1.0, 0.28557228060210704]"
629,629,0.29835274069866813,"[0, 1.0605555555555557, 1.0, 0.9622222222222222, 1.0, 0.29835274069866813]"
630,630,0.307015052541896,"[0, 1.0561111111111112, 1.0, 0.9627777777777777, 1.0, 0.307015052541896]"
631,631,0.3044589605225809,"[0, 1.0555555555555556, 1.0, 0.9630555555555556, 1.0, 0.3044589605225809]"
632,632,0.307015052541896,"[0, 1.0552777777777778, 1.0, 0.9627777777777777, 1.0, 0.307015052541896]"
633,633,0.30886111900028723,"[0, 1.0552777777777778, 1.0, 0.9627777777777777, 1.0, 0.30886111900028723]"
634,634,0.3115592161317835,"[0, 1.0544444444444445, 1.0, 0.9627777777777777, 1.0, 0.3115592161317835]"
635,635,0.30048281738142535,"[0, 1.0566666666666666, 1.0, 0.9622222222222222, 1.0, 0.30048281738142535]"
636,636,0.3013348480545339,"[0, 1.0580555555555555, 1.0, 0.9622222222222222, 1.0, 0.3013348480545339]"
637,637,0.2899744390798098,"[0, 1.0594444444444444, 1.0, 0.9613888888888888, 1.0, 0.2899744390798098]"
638,638,0.283868219255897,"[0, 1.0605555555555557, 1.0, 0.961111111111111, 1.0, 0.283868219255897]"
639,639,0.28117012212440073,"[0, 1.0616666666666668, 1.0, 0.961111111111111, 1.0, 0.28117012212440073]"
640,640,0.28173814257313623,"[0, 1.0625, 1.0, 0.961111111111111, 1.0, 0.28173814257313623]"
641,641,0.2966486793524581,"[0, 1.0594444444444444, 1.0, 0.9619444444444444, 1.0, 0.2966486793524581]"
642,642,0.3124112468048885,"[0, 1.0533333333333335, 1.0, 0.9636111111111111, 1.0, 0.3124112468048885]"
643,643,0.3251917069014496,"[0, 1.0472222222222223, 1.0, 0.9644444444444444, 1.0, 0.3251917069014496]"
644,644,0.32803180914513064,"[0, 1.045277777777778, 1.0, 0.9647222222222221, 1.0, 0.32803180914513064]"
645,645,0.3331439931837572,"[0, 1.0436111111111113, 1.0, 0.965, 1.0, 0.3331439931837572]"
646,646,0.335274069866518,"[0, 1.0444444444444445, 1.0, 0.965, 1.0, 0.335274069866518]"
647,647,0.3345640443055977,"[0, 1.0436111111111113, 1.0, 0.965, 1.0, 0.3345640443055977]"
648,648,0.3406702641295105,"[0, 1.0416666666666667, 1.0, 0.9652777777777777, 1.0, 0.3406702641295105]"
649,649,0.34237432547572055,"[0, 1.0419444444444446, 1.0, 0.9655555555555555, 1.0, 0.34237432547572055]"
650,650,0.34237432547572055,"[0, 1.0411111111111113, 1.0, 0.9655555555555555, 1.0, 0.34237432547572055]"
651,651,0.34237432547572055,"[0, 1.0405555555555557, 1.0, 0.9655555555555555, 1.0, 0.34237432547572055]"
652,652,0.34138028969043077,"[0, 1.0416666666666667, 1.0, 0.9655555555555555, 1.0, 0.34138028969043077]"
653,653,0.33967622834422073,"[0, 1.04, 1.0, 0.9655555555555555, 1.0, 0.33967622834422073]"
654,654,0.3188014768531673,"[0, 1.0466666666666669, 1.0, 0.9638888888888888, 1.0, 0.3188014768531673]"
655,655,0.31113320079523277,"[0, 1.05, 1.0, 0.9636111111111111, 1.0, 0.31113320079523277]"
656,656,0.30531099119568594,"[0, 1.0502777777777779, 1.0, 0.9630555555555556, 1.0, 0.30531099119568594]"
657,657,0.30332291962510993,"[0, 1.051388888888889, 1.0, 0.9630555555555556, 1.0, 0.30332291962510993]"
658,658,0.3010508378301644,"[0, 1.0522222222222222, 1.0, 0.9630555555555556, 1.0, 0.3010508378301644]"
659,659,0.3001988071570594,"[0, 1.0519444444444446, 1.0, 0.9627777777777777, 1.0, 0.3001988071570594]"
660,660,0.3040329451860302,"[0, 1.0508333333333333, 1.0, 0.9630555555555556, 1.0, 0.3040329451860302]"
661,661,0.3013348480545339,"[0, 1.0516666666666667, 1.0, 0.9630555555555556, 1.0, 0.3013348480545339]"
662,662,0.29863675092303765,"[0, 1.0516666666666667, 1.0, 0.9624999999999999, 1.0, 0.29863675092303765]"
663,663,0.2938085771087806,"[0, 1.0519444444444446, 1.0, 0.9624999999999999, 1.0, 0.2938085771087806]"
664,664,0.2966486793524581,"[0, 1.0541666666666667, 1.0, 0.9622222222222222, 1.0, 0.2966486793524581]"
665,665,0.2980687304742986,"[0, 1.0527777777777778, 1.0, 0.9622222222222222, 1.0, 0.2980687304742986]"
666,666,0.2945186026696973,"[0, 1.0530555555555556, 1.0, 0.9622222222222222, 1.0, 0.2945186026696973]"
667,667,0.29125248508946555,"[0, 1.0533333333333335, 1.0, 0.9622222222222222, 1.0, 0.29125248508946555]"
668,668,0.29125248508946555,"[0, 1.0522222222222222, 1.0, 0.9622222222222222, 1.0, 0.29125248508946555]"
669,669,0.2894064186310743,"[0, 1.0533333333333335, 1.0, 0.9622222222222222, 1.0, 0.2894064186310743]"
670,670,0.2938085771087806,"[0, 1.053611111111111, 1.0, 0.9622222222222222, 1.0, 0.2938085771087806]"
671,671,0.29267253621130607,"[0, 1.051388888888889, 1.0, 0.9624999999999999, 1.0, 0.29267253621130607]"
672,672,0.2939505822209618,"[0, 1.0508333333333333, 1.0, 0.9624999999999999, 1.0, 0.2939505822209618]"
673,673,0.2905424595285453,"[0, 1.051111111111111, 1.0, 0.9622222222222222, 1.0, 0.2905424595285453]"
674,674,0.28983243396762504,"[0, 1.0502777777777779, 1.0, 0.9622222222222222, 1.0, 0.28983243396762504]"
675,675,0.2895484237432555,"[0, 1.051388888888889, 1.0, 0.9622222222222222, 1.0, 0.2895484237432555]"
676,676,0.2875603521726795,"[0, 1.0519444444444446, 1.0, 0.9622222222222222, 1.0, 0.2875603521726795]"
677,677,0.2945186026696973,"[0, 1.05, 1.0, 0.9622222222222222, 1.0, 0.2945186026696973]"
678,678,0.12595853450724448,"[0, 1.0519444444444446, 1.0, 0.9519444444444444, 1.0, 0.12595853450724448]"
679,679,0.2509230332291956,"[0, 1.0502777777777779, 1.0, 0.9594444444444444, 1.0, 0.2509230332291956]"
680,680,0.26356148821357905,"[0, 1.0497222222222222, 1.0, 0.96, 1.0, 0.26356148821357905]"
681,681,0.2654075546719703,"[0, 1.0525, 1.0, 0.9602777777777778, 1.0, 0.2654075546719703]"
682,682,0.2619994319795538,"[0, 1.0547222222222223, 1.0, 0.96, 1.0, 0.2619994319795538]"
683,683,0.2631354728770283,"[0, 1.0533333333333335, 1.0, 0.96, 1.0, 0.2631354728770283]"
684,684,0.2698097131496766,"[0, 1.055, 1.0, 0.9605555555555555, 1.0, 0.2698097131496766]"
685,685,0.26909968758875635,"[0, 1.0530555555555556, 1.0, 0.9605555555555555, 1.0, 0.26909968758875635]"
686,686,0.2709457540471476,"[0, 1.0508333333333333, 1.0, 0.9608333333333333, 1.0, 0.2709457540471476]"
687,687,0.2673956262425463,"[0, 1.053611111111111, 1.0, 0.9605555555555555, 1.0, 0.2673956262425463]"
688,688,0.2648395342232348,"[0, 1.053611111111111, 1.0, 0.9602777777777778, 1.0, 0.2648395342232348]"
689,689,0.2624254473161045,"[0, 1.0547222222222223, 1.0, 0.96, 1.0, 0.2624254473161045]"
690,690,0.2612894064186335,"[0, 1.056388888888889, 1.0, 0.96, 1.0, 0.2612894064186335]"
691,691,0.2634194831013943,"[0, 1.055, 1.0, 0.96, 1.0, 0.2634194831013943]"
692,692,0.26767963646691584,"[0, 1.0538888888888889, 1.0, 0.9602777777777778, 1.0, 0.26767963646691584]"
693,693,0.26583357000852104,"[0, 1.0541666666666667, 1.0, 0.9602777777777778, 1.0, 0.26583357000852104]"
694,694,0.2622834422039233,"[0, 1.0541666666666667, 1.0, 0.96, 1.0, 0.2622834422039233]"
695,695,0.26327747798920953,"[0, 1.0541666666666667, 1.0, 0.96, 1.0, 0.26327747798920953]"
696,696,0.26270945754047403,"[0, 1.055, 1.0, 0.96, 1.0, 0.26270945754047403]"
697,697,0.259869355296793,"[0, 1.055, 1.0, 0.96, 1.0, 0.259869355296793]"
698,698,0.26171542175518425,"[0, 1.0538888888888889, 1.0, 0.96, 1.0, 0.26171542175518425]"
699,699,0.26029537063334374,"[0, 1.055, 1.0, 0.96, 1.0, 0.26029537063334374]"
700,700,0.2593013348480575,"[0, 1.0547222222222223, 1.0, 0.9597222222222221, 1.0, 0.2593013348480575]"
701,701,0.257881283726217,"[0, 1.0544444444444445, 1.0, 0.9597222222222221, 1.0, 0.257881283726217]"
702,702,0.25745526838966626,"[0, 1.0561111111111112, 1.0, 0.9597222222222221, 1.0, 0.25745526838966626]"
703,703,0.26214143709173854,"[0, 1.0538888888888889, 1.0, 0.96, 1.0, 0.26214143709173854]"
704,704,0.2622834422039233,"[0, 1.0522222222222222, 1.0, 0.9602777777777778, 1.0, 0.2622834422039233]"
705,705,0.26001136040897777,"[0, 1.0530555555555556, 1.0, 0.96, 1.0, 0.26001136040897777]"
706,706,0.25859130928713725,"[0, 1.053611111111111, 1.0, 0.9597222222222221, 1.0, 0.25859130928713725]"
707,707,0.2601533655211625,"[0, 1.0527777777777778, 1.0, 0.96, 1.0, 0.2601533655211625]"
708,708,0.2557512070434562,"[0, 1.0530555555555556, 1.0, 0.9602777777777778, 1.0, 0.2557512070434562]"
709,709,0.2683896620278361,"[0, 1.047777777777778, 1.0, 0.961111111111111, 1.0, 0.2683896620278361]"
710,710,0.2823061630218717,"[0, 1.0447222222222223, 1.0, 0.9619444444444444, 1.0, 0.2823061630218717]"
711,711,0.28670832149957803,"[0, 1.0422222222222224, 1.0, 0.9622222222222222, 1.0, 0.28670832149957803]"
712,712,0.28770235728486426,"[0, 1.0419444444444446, 1.0, 0.9622222222222222, 1.0, 0.28770235728486426]"
713,713,0.286140301050839,"[0, 1.0419444444444446, 1.0, 0.9622222222222222, 1.0, 0.286140301050839]"
714,714,0.2896904288554438,"[0, 1.0419444444444446, 1.0, 0.9624999999999999, 1.0, 0.2896904288554438]"
715,715,0.2911104799772808,"[0, 1.0394444444444446, 1.0, 0.9624999999999999, 1.0, 0.2911104799772808]"
716,716,0.29011644419199456,"[0, 1.0425000000000002, 1.0, 0.9624999999999999, 1.0, 0.29011644419199456]"
717,717,0.29210451576257057,"[0, 1.0397222222222224, 1.0, 0.9627777777777777, 1.0, 0.29210451576257057]"
718,718,0.2936665719965923,"[0, 1.038888888888889, 1.0, 0.9627777777777777, 1.0, 0.2936665719965923]"
719,719,0.29735870491337835,"[0, 1.037777777777778, 1.0, 0.9630555555555556, 1.0, 0.29735870491337835]"
720,720,0.27761999431979945,"[0, 1.0372222222222223, 1.0, 0.9613888888888888, 1.0, 0.27761999431979945]"
721,721,0.2739278614030134,"[0, 1.0455555555555556, 1.0, 0.9613888888888888, 1.0, 0.2739278614030134]"
722,722,0.2750639023004844,"[0, 1.0444444444444445, 1.0, 0.9613888888888888, 1.0, 0.2750639023004844]"
723,723,0.2693836978131259,"[0, 1.0455555555555556, 1.0, 0.961111111111111, 1.0, 0.2693836978131259]"
724,724,0.26796364669128536,"[0, 1.0458333333333334, 1.0, 0.961111111111111, 1.0, 0.26796364669128536]"
725,725,0.259869355296793,"[0, 1.0480555555555557, 1.0, 0.9605555555555555, 1.0, 0.259869355296793]"
726,726,0.2595853450724235,"[0, 1.0480555555555557, 1.0, 0.9605555555555555, 1.0, 0.2595853450724235]"
727,727,0.2584493041749525,"[0, 1.0472222222222223, 1.0, 0.96, 1.0, 0.2584493041749525]"
728,728,0.22394206191422938,"[0, 1.0566666666666666, 1.0, 0.9574999999999999, 1.0, 0.22394206191422938]"
729,729,0.20732746378870104,"[0, 1.0622222222222222, 1.0, 0.9566666666666667, 1.0, 0.20732746378870104]"
730,730,0.20775347912525177,"[0, 1.065, 1.0, 0.956111111111111, 1.0, 0.20775347912525177]"
731,731,0.2051973871059367,"[0, 1.0661111111111112, 1.0, 0.9558333333333333, 1.0, 0.2051973871059367]"
732,732,0.20164725930133898,"[0, 1.0663888888888888, 1.0, 0.9563888888888888, 1.0, 0.20164725930133898]"
733,733,0.22877023572848998,"[0, 1.056388888888889, 1.0, 0.9583333333333333, 1.0, 0.22877023572848998]"
734,734,0.22337404146549744,"[0, 1.0561111111111112, 1.0, 0.9577777777777777, 1.0, 0.22337404146549744]"
735,735,0.21826185742687088,"[0, 1.0580555555555555, 1.0, 0.9574999999999999, 1.0, 0.21826185742687088]"
736,736,0.21882987787560637,"[0, 1.0586111111111112, 1.0, 0.9574999999999999, 1.0, 0.21882987787560637]"
737,737,0.2141437091735341,"[0, 1.0597222222222222, 1.0, 0.9572222222222222, 1.0, 0.2141437091735341]"
738,738,0.2131496733882443,"[0, 1.0580555555555555, 1.0, 0.9569444444444444, 1.0, 0.2131496733882443]"
739,739,0.21385969894916457,"[0, 1.0591666666666668, 1.0, 0.9572222222222222, 1.0, 0.21385969894916457]"
740,740,0.21030957114456328,"[0, 1.0594444444444444, 1.0, 0.9569444444444444, 1.0, 0.21030957114456328]"
741,741,0.21087759159329877,"[0, 1.0591666666666668, 1.0, 0.9569444444444444, 1.0, 0.21087759159329877]"
742,742,0.20888952002272276,"[0, 1.0605555555555557, 1.0, 0.9569444444444444, 1.0, 0.20888952002272276]"
743,743,0.20434535643283525,"[0, 1.06, 1.0, 0.9566666666666667, 1.0, 0.20434535643283525]"
744,744,0.205623402442491,"[0, 1.0594444444444444, 1.0, 0.9566666666666667, 1.0, 0.205623402442491]"
745,745,0.20533939221812147,"[0, 1.0605555555555557, 1.0, 0.9566666666666667, 1.0, 0.20533939221812147]"
746,746,0.20349332575973023,"[0, 1.0602777777777779, 1.0, 0.9563888888888888, 1.0, 0.20349332575973023]"
747,747,0.20278330019880997,"[0, 1.0597222222222222, 1.0, 0.9563888888888888, 1.0, 0.20278330019880997]"
748,748,0.20136324907696945,"[0, 1.06, 1.0, 0.9563888888888888, 1.0, 0.20136324907696945]"
749,749,0.19554103947742618,"[0, 1.0608333333333333, 1.0, 0.956111111111111, 1.0, 0.19554103947742618]"
750,750,0.20235728486225568,"[0, 1.0608333333333333, 1.0, 0.9563888888888888, 1.0, 0.20235728486225568]"
751,751,0.22436807725078367,"[0, 1.053611111111111, 1.0, 0.9577777777777777, 1.0, 0.22436807725078367]"
752,752,0.22081794944618238,"[0, 1.0538888888888889, 1.0, 0.9577777777777777, 1.0, 0.22081794944618238]"
753,753,0.22081794944618238,"[0, 1.0525, 1.0, 0.9577777777777777, 1.0, 0.22081794944618238]"
754,754,0.21485373473445435,"[0, 1.0533333333333335, 1.0, 0.9577777777777777, 1.0, 0.21485373473445435]"
755,755,0.2198239136608926,"[0, 1.0533333333333335, 1.0, 0.9574999999999999, 1.0, 0.2198239136608926]"
756,756,0.2172678216415811,"[0, 1.0525, 1.0, 0.9580555555555555, 1.0, 0.2172678216415811]"
757,757,0.2191138880999759,"[0, 1.0525, 1.0, 0.9580555555555555, 1.0, 0.2191138880999759]"
758,758,0.21826185742687088,"[0, 1.0505555555555557, 1.0, 0.9580555555555555, 1.0, 0.21826185742687088]"
759,759,0.2191138880999759,"[0, 1.0508333333333333, 1.0, 0.9580555555555555, 1.0, 0.2191138880999759]"
760,760,0.2166998011928456,"[0, 1.051388888888889, 1.0, 0.9580555555555555, 1.0, 0.2166998011928456]"
761,761,0.22266401590457363,"[0, 1.0516666666666667, 1.0, 0.9577777777777777, 1.0, 0.22266401590457363]"
762,762,0.21826185742687088,"[0, 1.051111111111111, 1.0, 0.9580555555555555, 1.0, 0.21826185742687088]"
763,763,0.2162737858562913,"[0, 1.05, 1.0, 0.9574999999999999, 1.0, 0.2162737858562913]"
764,764,0.2122976427151393,"[0, 1.0533333333333335, 1.0, 0.9569444444444444, 1.0, 0.2122976427151393]"
765,765,0.20533939221812147,"[0, 1.0552777777777778, 1.0, 0.9566666666666667, 1.0, 0.20533939221812147]"
766,766,0.19937517750639344,"[0, 1.0575, 1.0, 0.9563888888888888, 1.0, 0.19937517750639344]"
767,767,0.19383697813121614,"[0, 1.0583333333333333, 1.0, 0.956111111111111, 1.0, 0.19383697813121614]"
768,768,0.20633342800341126,"[0, 1.0575, 1.0, 0.9574999999999999, 1.0, 0.20633342800341126]"
769,769,0.22564612326043942,"[0, 1.0475, 1.0, 0.9586111111111111, 1.0, 0.22564612326043942]"
770,770,0.2283442203919357,"[0, 1.0450000000000002, 1.0, 0.9586111111111111, 1.0, 0.2283442203919357]"
771,771,0.22564612326043942,"[0, 1.046388888888889, 1.0, 0.9586111111111111, 1.0, 0.22564612326043942]"
772,772,0.22323203635331268,"[0, 1.047777777777778, 1.0, 0.9583333333333333, 1.0, 0.22323203635331268]"
773,773,0.22252201079239242,"[0, 1.0469444444444445, 1.0, 0.9583333333333333, 1.0, 0.22252201079239242]"
774,774,0.23104231752343551,"[0, 1.0458333333333334, 1.0, 0.9588888888888888, 1.0, 0.23104231752343551]"
775,775,0.22763419483101544,"[0, 1.0447222222222223, 1.0, 0.9586111111111111, 1.0, 0.22763419483101544]"
776,776,0.230758307299066,"[0, 1.045277777777778, 1.0, 0.9588888888888888, 1.0, 0.230758307299066]"
777,777,0.22564612326043942,"[0, 1.0458333333333334, 1.0, 0.9586111111111111, 1.0, 0.22564612326043942]"
778,778,0.22010792388526212,"[0, 1.046388888888889, 1.0, 0.9580555555555555, 1.0, 0.22010792388526212]"
779,779,0.22451008236296843,"[0, 1.045277777777778, 1.0, 0.9583333333333333, 1.0, 0.22451008236296843]"
780,780,0.2211019596705519,"[0, 1.0475, 1.0, 0.9583333333333333, 1.0, 0.2211019596705519]"
781,781,0.22337404146549744,"[0, 1.0461111111111112, 1.0, 0.9583333333333333, 1.0, 0.22337404146549744]"
782,782,0.2242260721385989,"[0, 1.043888888888889, 1.0, 0.9583333333333333, 1.0, 0.2242260721385989]"
783,783,0.2186878727634216,"[0, 1.0472222222222223, 1.0, 0.9580555555555555, 1.0, 0.2186878727634216]"
784,784,0.21485373473445435,"[0, 1.047777777777778, 1.0, 0.9574999999999999, 1.0, 0.21485373473445435]"
785,785,0.21258165293950881,"[0, 1.0483333333333333, 1.0, 0.9574999999999999, 1.0, 0.21258165293950881]"
786,786,0.20661743822777723,"[0, 1.0502777777777779, 1.0, 0.9574999999999999, 1.0, 0.20661743822777723]"
787,787,0.21300766827605955,"[0, 1.0480555555555557, 1.0, 0.9577777777777777, 1.0, 0.21300766827605955]"
788,788,0.21598977563192534,"[0, 1.0458333333333334, 1.0, 0.9580555555555555, 1.0, 0.21598977563192534]"
789,789,0.21016756603238207,"[0, 1.0483333333333333, 1.0, 0.9574999999999999, 1.0, 0.21016756603238207]"
790,790,0.20746946890088225,"[0, 1.0475, 1.0, 0.9572222222222222, 1.0, 0.20746946890088225]"
791,791,0.2131496733882443,"[0, 1.0486111111111112, 1.0, 0.9572222222222222, 1.0, 0.2131496733882443]"
792,792,0.21258165293950881,"[0, 1.0486111111111112, 1.0, 0.9577777777777777, 1.0, 0.21258165293950881]"
793,793,0.22266401590457363,"[0, 1.0430555555555556, 1.0, 0.9583333333333333, 1.0, 0.22266401590457363]"
794,794,0.22380005680204818,"[0, 1.0427777777777778, 1.0, 0.9586111111111111, 1.0, 0.22380005680204818]"
795,795,0.21968190854870784,"[0, 1.0433333333333334, 1.0, 0.9583333333333333, 1.0, 0.21968190854870784]"
796,796,0.2192558932121571,"[0, 1.0433333333333334, 1.0, 0.9580555555555555, 1.0, 0.2192558932121571]"
797,797,0.21740982675376586,"[0, 1.0441666666666667, 1.0, 0.9580555555555555, 1.0, 0.21740982675376586]"
798,798,0.2122976427151393,"[0, 1.043888888888889, 1.0, 0.9577777777777777, 1.0, 0.2122976427151393]"
799,799,0.21400170406134933,"[0, 1.0444444444444445, 1.0, 0.9577777777777777, 1.0, 0.21400170406134933]"
800,800,0.22451008236296843,"[0, 1.0419444444444446, 1.0, 0.9586111111111111, 1.0, 0.22451008236296843]"
801,801,0.22124396478273667,"[0, 1.0416666666666667, 1.0, 0.9583333333333333, 1.0, 0.22124396478273667]"
802,802,0.2191138880999759,"[0, 1.041388888888889, 1.0, 0.9583333333333333, 1.0, 0.2191138880999759]"
803,803,0.2191138880999759,"[0, 1.041388888888889, 1.0, 0.9583333333333333, 1.0, 0.2191138880999759]"
804,804,0.2141437091735341,"[0, 1.0436111111111113, 1.0, 0.9580555555555555, 1.0, 0.2141437091735341]"
805,805,0.21584777051974058,"[0, 1.0402777777777779, 1.0, 0.9580555555555555, 1.0, 0.21584777051974058]"
806,806,0.2000852030673137,"[0, 1.0472222222222223, 1.0, 0.9569444444444444, 1.0, 0.2000852030673137]"
807,807,0.2002272081794949,"[0, 1.0480555555555557, 1.0, 0.9566666666666667, 1.0, 0.2002272081794949]"
808,808,0.19625106503834644,"[0, 1.0483333333333333, 1.0, 0.9563888888888888, 1.0, 0.19625106503834644]"
809,809,0.19298494745811112,"[0, 1.0502777777777779, 1.0, 0.9563888888888888, 1.0, 0.19298494745811112]"
810,810,0.19781312127236816,"[0, 1.0480555555555557, 1.0, 0.9569444444444444, 1.0, 0.19781312127236816]"
811,811,0.20832149957398727,"[0, 1.043888888888889, 1.0, 0.9574999999999999, 1.0, 0.20832149957398727]"
812,812,0.21258165293950881,"[0, 1.0427777777777778, 1.0, 0.9577777777777777, 1.0, 0.21258165293950881]"
813,813,0.2122976427151393,"[0, 1.0408333333333335, 1.0, 0.9577777777777777, 1.0, 0.2122976427151393]"
814,814,0.21300766827605955,"[0, 1.0408333333333335, 1.0, 0.9577777777777777, 1.0, 0.21300766827605955]"
815,815,0.21286566316387834,"[0, 1.041388888888889, 1.0, 0.9577777777777777, 1.0, 0.21286566316387834]"
816,816,0.20803748934961774,"[0, 1.0408333333333335, 1.0, 0.9574999999999999, 1.0, 0.20803748934961774]"
817,817,0.21144561204203782,"[0, 1.0411111111111113, 1.0, 0.9577777777777777, 1.0, 0.21144561204203782]"
818,818,0.2166998011928456,"[0, 1.0397222222222224, 1.0, 0.9580555555555555, 1.0, 0.2166998011928456]"
819,819,0.21428571428571885,"[0, 1.0391666666666668, 1.0, 0.9580555555555555, 1.0, 0.21428571428571885]"
820,820,0.2155637602953746,"[0, 1.0386111111111112, 1.0, 0.9580555555555555, 1.0, 0.2155637602953746]"
821,821,0.21400170406134933,"[0, 1.0394444444444446, 1.0, 0.9580555555555555, 1.0, 0.21400170406134933]"
822,822,0.21201363249077332,"[0, 1.0386111111111112, 1.0, 0.9577777777777777, 1.0, 0.21201363249077332]"
823,823,0.21641579096847607,"[0, 1.0386111111111112, 1.0, 0.9580555555555555, 1.0, 0.21641579096847607]"
824,824,0.21456972451008482,"[0, 1.0391666666666668, 1.0, 0.9580555555555555, 1.0, 0.21456972451008482]"
825,825,0.2147117296222696,"[0, 1.0380555555555557, 1.0, 0.9580555555555555, 1.0, 0.2147117296222696]"
826,826,0.21584777051974058,"[0, 1.037777777777778, 1.0, 0.9580555555555555, 1.0, 0.21584777051974058]"
827,827,0.21272365805169358,"[0, 1.0380555555555557, 1.0, 0.9577777777777777, 1.0, 0.21272365805169358]"
828,828,0.2135756887247986,"[0, 1.0375, 1.0, 0.9580555555555555, 1.0, 0.2135756887247986]"
829,829,0.21343368361261028,"[0, 1.0380555555555557, 1.0, 0.9580555555555555, 1.0, 0.21343368361261028]"
830,830,0.21258165293950881,"[0, 1.037777777777778, 1.0, 0.9577777777777777, 1.0, 0.21258165293950881]"
831,831,0.21201363249077332,"[0, 1.0369444444444444, 1.0, 0.9577777777777777, 1.0, 0.21201363249077332]"
832,832,0.21187162737858856,"[0, 1.0375, 1.0, 0.9577777777777777, 1.0, 0.21187162737858856]"
833,833,0.21130360692985306,"[0, 1.0372222222222223, 1.0, 0.9577777777777777, 1.0, 0.21130360692985306]"
834,834,0.20576540755467576,"[0, 1.0380555555555557, 1.0, 0.9574999999999999, 1.0, 0.20576540755467576]"
835,835,0.2061914228912265,"[0, 1.0391666666666668, 1.0, 0.9574999999999999, 1.0, 0.2061914228912265]"
836,836,0.1956830445896074,"[0, 1.038888888888889, 1.0, 0.9569444444444444, 1.0, 0.1956830445896074]"
837,837,0.19113888099971987,"[0, 1.0419444444444446, 1.0, 0.9563888888888888, 1.0, 0.19113888099971987]"
838,838,0.18844078386822005,"[0, 1.0427777777777778, 1.0, 0.9563888888888888, 1.0, 0.18844078386822005]"
839,839,0.18190854870775652,"[0, 1.0436111111111113, 1.0, 0.9558333333333333, 1.0, 0.18190854870775652]"
840,840,0.18758875319511503,"[0, 1.0433333333333334, 1.0, 0.9563888888888888, 1.0, 0.18758875319511503]"
841,841,0.19582504970179215,"[0, 1.041388888888889, 1.0, 0.9569444444444444, 1.0, 0.19582504970179215]"
842,842,0.20434535643283525,"[0, 1.0355555555555556, 1.0, 0.9574999999999999, 1.0, 0.20434535643283525]"
843,843,0.20604941777904529,"[0, 1.0361111111111112, 1.0, 0.9574999999999999, 1.0, 0.20604941777904529]"
844,844,0.2030673104231795,"[0, 1.0372222222222223, 1.0, 0.9572222222222222, 1.0, 0.2030673104231795]"
845,845,0.2012212439647847,"[0, 1.036388888888889, 1.0, 0.9572222222222222, 1.0, 0.2012212439647847]"
846,846,0.20462936665720122,"[0, 1.0361111111111112, 1.0, 0.9574999999999999, 1.0, 0.20462936665720122]"
847,847,0.2051973871059367,"[0, 1.0361111111111112, 1.0, 0.9574999999999999, 1.0, 0.2051973871059367]"
848,848,0.20647543311559602,"[0, 1.0341666666666667, 1.0, 0.9574999999999999, 1.0, 0.20647543311559602]"
849,849,0.20434535643283525,"[0, 1.0355555555555556, 1.0, 0.9574999999999999, 1.0, 0.20434535643283525]"
850,850,0.2000852030673137,"[0, 1.0361111111111112, 1.0, 0.9572222222222222, 1.0, 0.2000852030673137]"
851,851,0.1971030957114479,"[0, 1.0361111111111112, 1.0, 0.9569444444444444, 1.0, 0.1971030957114479]"
852,852,0.19610905992615812,"[0, 1.0369444444444444, 1.0, 0.9569444444444444, 1.0, 0.19610905992615812]"
853,853,0.19199091167282134,"[0, 1.0380555555555557, 1.0, 0.9566666666666667, 1.0, 0.19199091167282134]"
854,854,0.18375461516614777,"[0, 1.0383333333333333, 1.0, 0.956111111111111, 1.0, 0.18375461516614777]"
855,855,0.17835842090315523,"[0, 1.0419444444444446, 1.0, 0.9558333333333333, 1.0, 0.17835842090315523]"
856,856,0.17395626242544893,"[0, 1.0425000000000002, 1.0, 0.9555555555555555, 1.0, 0.17395626242544893]"
857,857,0.1711161601817679,"[0, 1.0422222222222224, 1.0, 0.9552777777777778, 1.0, 0.1711161601817679]"
858,858,0.17424027264981845,"[0, 1.0427777777777778, 1.0, 0.9555555555555555, 1.0, 0.17424027264981845]"
859,859,0.16927009372337665,"[0, 1.041388888888889, 1.0, 0.9552777777777778, 1.0, 0.16927009372337665]"
860,860,0.16273785856290957,"[0, 1.0433333333333334, 1.0, 0.9547222222222221, 1.0, 0.16273785856290957]"
861,861,0.1620278330019893,"[0, 1.046388888888889, 1.0, 0.9544444444444444, 1.0, 0.1620278330019893]"
862,862,0.16018176654359806,"[0, 1.0469444444444445, 1.0, 0.9541666666666666, 1.0, 0.16018176654359806]"
863,863,0.1574836694121018,"[0, 1.047777777777778, 1.0, 0.9538888888888889, 1.0, 0.1574836694121018]"
864,864,0.153365521158765,"[0, 1.0486111111111112, 1.0, 0.9538888888888889, 1.0, 0.153365521158765]"
865,865,0.15648963362681556,"[0, 1.045277777777778, 1.0, 0.9544444444444444, 1.0, 0.15648963362681556]"
866,866,0.1583357000852068,"[0, 1.0436111111111113, 1.0, 0.9544444444444444, 1.0, 0.1583357000852068]"
867,867,0.15478557228060552,"[0, 1.045277777777778, 1.0, 0.9541666666666666, 1.0, 0.15478557228060552]"
868,868,0.154501562056236,"[0, 1.0469444444444445, 1.0, 0.9536111111111111, 1.0, 0.154501562056236]"
869,869,0.15308151093439903,"[0, 1.0475, 1.0, 0.9536111111111111, 1.0, 0.15308151093439903]"
870,870,0.14910536779324346,"[0, 1.048888888888889, 1.0, 0.9536111111111111, 1.0, 0.14910536779324346]"
871,871,0.14811133200795368,"[0, 1.0455555555555556, 1.0, 0.9538888888888889, 1.0, 0.14811133200795368]"
872,872,0.1503834138028992,"[0, 1.0450000000000002, 1.0, 0.9538888888888889, 1.0, 0.1503834138028992]"
873,873,0.15123544447600423,"[0, 1.0466666666666669, 1.0, 0.9536111111111111, 1.0, 0.15123544447600423]"
874,874,0.14924737290542822,"[0, 1.0469444444444445, 1.0, 0.9533333333333333, 1.0, 0.14924737290542822]"
875,875,0.14370917353025092,"[0, 1.0494444444444446, 1.0, 0.9530555555555555, 1.0, 0.14370917353025092]"
876,876,0.14441919909116763,"[0, 1.0483333333333333, 1.0, 0.9536111111111111, 1.0, 0.14441919909116763]"
877,877,0.16060778188015234,"[0, 1.0411111111111113, 1.0, 0.9547222222222221, 1.0, 0.16060778188015234]"
878,878,0.1633058790116486,"[0, 1.0394444444444446, 1.0, 0.955, 1.0, 0.1633058790116486]"
879,879,0.15961374609486256,"[0, 1.0402777777777779, 1.0, 0.9547222222222221, 1.0, 0.15961374609486256]"
880,880,0.15904572564612707,"[0, 1.0397222222222224, 1.0, 0.9547222222222221, 1.0, 0.15904572564612707]"
881,881,0.1583357000852068,"[0, 1.0408333333333335, 1.0, 0.9547222222222221, 1.0, 0.1583357000852068]"
882,882,0.15762567452428655,"[0, 1.0405555555555557, 1.0, 0.9544444444444444, 1.0, 0.15762567452428655]"
883,883,0.1633058790116486,"[0, 1.0391666666666668, 1.0, 0.955, 1.0, 0.1633058790116486]"
884,884,0.16344788412382982,"[0, 1.038888888888889, 1.0, 0.955, 1.0, 0.16344788412382982]"
885,885,0.15606361829026127,"[0, 1.0394444444444446, 1.0, 0.9544444444444444, 1.0, 0.15606361829026127]"
886,886,0.154501562056236,"[0, 1.0391666666666668, 1.0, 0.9544444444444444, 1.0, 0.154501562056236]"
887,887,0.15066742402726874,"[0, 1.0422222222222224, 1.0, 0.9541666666666666, 1.0, 0.15066742402726874]"
888,888,0.14967338824197896,"[0, 1.0419444444444446, 1.0, 0.9541666666666666, 1.0, 0.14967338824197896]"
889,889,0.155637602953707,"[0, 1.0397222222222224, 1.0, 0.9544444444444444, 1.0, 0.155637602953707]"
890,890,0.15421755183187003,"[0, 1.04, 1.0, 0.9544444444444444, 1.0, 0.15421755183187003]"
891,891,0.15109343936381947,"[0, 1.04, 1.0, 0.9541666666666666, 1.0, 0.15109343936381947]"
892,892,0.15052541891508397,"[0, 1.0397222222222224, 1.0, 0.9541666666666666, 1.0, 0.15052541891508397]"
893,893,0.14853734734450796,"[0, 1.0405555555555557, 1.0, 0.9538888888888889, 1.0, 0.14853734734450796]"
894,894,0.15009940357853324,"[0, 1.0405555555555557, 1.0, 0.9541666666666666, 1.0, 0.15009940357853324]"
895,895,0.1527975007100295,"[0, 1.0394444444444446, 1.0, 0.9544444444444444, 1.0, 0.1527975007100295]"
896,896,0.0,"[0, 1.1541666666666666, 1.0, 0.9452777777777778, 1.0, 0.0]"
897,897,0.07497869923317424,"[0, 1.0280555555555555, 1.0, 0.95, 1.0, 0.07497869923317424]"
898,898,0.09372337404146691,"[0, 1.0269444444444444, 1.0, 0.951111111111111, 1.0, 0.09372337404146691]"
899,899,0.10025560920193399,"[0, 1.0288888888888887, 1.0, 0.9513888888888888, 1.0, 0.10025560920193399]"
900,900,0.10692984947458228,"[0, 1.0286111111111111, 1.0, 0.9519444444444444, 1.0, 0.10692984947458228]"
901,901,0.10394774211872004,"[0, 1.031388888888889, 1.0, 0.9513888888888888, 1.0, 0.10394774211872004]"
902,902,0.09585345072422768,"[0, 1.0336111111111113, 1.0, 0.951111111111111, 1.0, 0.09585345072422768]"
903,903,0.09741550695825296,"[0, 1.033888888888889, 1.0, 0.951111111111111, 1.0, 0.09741550695825296]"
